,date,ron95,ron97,diesel,ron95_skps,series_type,ron95_budi95,diesel_eastmsia
0,2026-01-22,2.54,3.1,2.88,2.05,level,1.99,2.15
1,2026-01-15,2.52,3.08,2.84,2.05,level,1.99,2.15
2,2026-01-08,2.54,3.11,2.89,2.05,level,1.99,2.15
3,2026-01-01,2.56,3.16,2.94,2.05,level,1.99,2.15
4,2025-12-25,2.56,3.16,2.94,2.05,level,1.99,2.15
5,2025-12-18,2.62,3.24,3.02,2.05,level,1.99,2.15
6,2025-12-11,2.64,3.27,3.06,2.05,level,1.99,2.15
7,2025-12-04,2.66,3.29,3.08,2.05,level,1.99,2.15
8,2025-11-27,2.63,3.26,3.08,2.05,level,1.99,2.15
9,2025-11-20,2.65,3.28,3.1,2.05,level,1.99,2.15
10,2025-11-13,2.65,3.25,3.07,2.05,level,1.99,2.15
11,2025-11-06,2.6,3.2,3.02,2.05,level,1.99,2.15
12,2025-10-30,2.6,3.2,2.95,2.05,level,1.99,2.15
13,2025-10-23,2.6,3.14,2.89,2.05,level,1.99,2.15
14,2025-10-16,2.6,3.18,2.93,2.05,level,1.99,2.15
15,2025-10-09,2.6,3.18,2.93,2.05,level,1.99,2.15
16,2025-09-30,2.6,3.21,2.93,2.05,level,1.99,2.15
17,2025-09-25,2.05,3.21,2.93,,level,,2.15
18,2025-09-18,2.05,3.21,2.93,,level,,2.15
19,2025-09-11,2.05,3.18,2.9,,level,,2.15
20,2025-09-04,2.05,3.16,2.88,,level,,2.15
21,2025-08-28,2.05,3.16,2.88,,level,,2.15
22,2025-08-21,2.05,3.13,2.85,,level,,2.15
23,2025-08-14,2.05,3.13,2.9,,level,,2.15
24,2025-08-07,2.05,3.17,2.94,,level,,2.15
25,2025-07-31,2.05,3.17,2.91,,level,,2.15
26,2025-07-24,2.05,3.21,2.91,,level,,2.15
27,2025-07-17,2.05,3.21,2.91,,level,,2.15
28,2025-07-10,2.05,3.18,2.88,,level,,2.15
29,2025-07-03,2.05,3.18,2.85,,level,,2.15
30,2025-06-26,2.05,3.21,2.88,,level,,2.15
31,2025-06-19,2.05,3.14,2.81,,level,,2.15
32,2025-06-12,2.05,3.07,2.74,,level,,2.15
33,2025-06-05,2.05,3.07,2.74,,level,,2.15
34,2025-05-29,2.05,3.1,2.77,,level,,2.15
35,2025-05-22,2.05,3.1,2.8,,level,,2.15
36,2025-05-15,2.05,3.07,2.77,,level,,2.15
37,2025-05-08,2.05,3.1,2.8,,level,,2.15
38,2025-05-01,2.05,3.18,2.88,,level,,2.15
39,2025-04-24,2.05,3.18,2.88,,level,,2.15
40,2025-04-17,2.05,3.18,2.88,,level,,2.15
41,2025-04-10,2.05,3.28,2.98,,level,,2.15
42,2025-04-03,2.05,3.33,3.03,,level,,2.15
43,2025-03-27,2.05,3.28,3.03,,level,,2.15
44,2025-03-20,2.05,3.28,3.03,,level,,2.15
45,2025-03-13,2.05,3.28,3.06,,level,,2.15
46,2025-03-06,2.05,3.38,3.13,,level,,2.15
47,2025-02-27,2.05,3.43,3.18,,level,,2.15
48,2025-02-20,2.05,3.43,3.18,,level,,2.15
49,2025-02-13,2.05,3.43,3.18,,level,,2.15
50,2025-02-06,2.05,3.43,3.18,,level,,2.15
51,2025-01-30,2.05,3.43,3.18,,level,,2.15
52,2025-01-23,2.05,3.43,3.13,,level,,2.15
53,2025-01-16,2.05,3.38,3.08,,level,,2.15
54,2025-01-09,2.05,3.33,3.03,,level,,2.15
55,2025-01-02,2.05,3.28,2.98,,level,,2.15
56,2024-12-26,2.05,3.25,2.95,,level,,2.15
57,2024-12-19,2.05,3.22,2.95,,level,,2.15
58,2024-12-12,2.05,3.19,2.95,,level,,2.15
59,2024-12-05,2.05,3.19,2.95,,level,,2.15
60,2024-11-28,2.05,3.19,2.95,,level,,2.15
61,2024-11-21,2.05,3.19,2.95,,level,,2.15
62,2024-11-14,2.05,3.19,2.95,,level,,2.15
63,2024-11-07,2.05,3.19,2.95,,level,,2.15
64,2024-10-31,2.05,3.19,2.95,,level,,2.15
65,2024-10-24,2.05,3.19,2.95,,level,,2.15
66,2024-10-17,2.05,3.19,2.95,,level,,2.15
67,2024-10-10,2.05,3.19,2.95,,level,,2.15
68,2024-10-03,2.05,3.19,2.95,,level,,2.15
69,2024-09-26,2.05,3.19,2.95,,level,,2.15
70,2024-09-19,2.05,3.19,2.95,,level,,2.15
71,2024-09-12,2.05,3.25,3.01,,level,,2.15
72,2024-09-05,2.05,3.4,3.16,,level,,2.15
73,2024-08-29,2.05,3.42,3.18,,level,,2.15
74,2024-08-22,2.05,3.47,3.23,,level,,2.15
75,2024-08-15,2.05,3.47,3.25,,level,,2.15
76,2024-08-08,2.05,3.47,3.3,,level,,2.15
77,2024-08-01,2.05,3.47,3.35,,level,,2.15
78,2024-07-25,2.05,3.47,3.35,,level,,2.15
79,2024-07-18,2.05,3.47,3.35,,level,,2.15
80,2024-07-11,2.05,3.47,3.35,,level,,2.15
81,2024-07-04,2.05,3.47,3.35,,level,,2.15
82,2024-06-27,2.05,3.47,3.35,,level,,2.15
83,2024-06-20,2.05,3.47,3.35,,level,,2.15
84,2024-06-13,2.05,3.47,3.35,,level,,2.15
85,2024-06-10,2.05,3.47,3.35,,level,,2.15
86,2024-06-06,2.05,3.47,2.15,,level,,2.15
87,2024-05-30,2.05,3.47,2.15,,level,,2.15
88,2024-05-23,2.05,3.47,2.15,,level,,2.15
89,2024-05-16,2.05,3.47,2.15,,level,,2.15
90,2024-05-09,2.05,3.47,2.15,,level,,2.15
91,2024-05-02,2.05,3.47,2.15,,level,,2.15
92,2024-04-25,2.05,3.47,2.15,,level,,2.15
93,2024-04-18,2.05,3.47,2.15,,level,,2.15
94,2024-04-11,2.05,3.47,2.15,,level,,2.15
95,2024-04-04,2.05,3.47,2.15,,level,,2.15
96,2024-03-28,2.05,3.47,2.15,,level,,2.15
97,2024-03-21,2.05,3.47,2.15,,level,,2.15
98,2024-03-14,2.05,3.47,2.15,,level,,2.15
99,2024-03-07,2.05,3.47,2.15,,level,,2.15
100,2024-02-29,2.05,3.47,2.15,,level,,2.15
101,2024-02-22,2.05,3.47,2.15,,level,,2.15
102,2024-02-15,2.05,3.47,2.15,,level,,2.15
103,2024-02-08,2.05,3.47,2.15,,level,,2.15
104,2024-02-01,2.05,3.47,2.15,,level,,2.15
105,2024-01-25,2.05,3.47,2.15,,level,,2.15
106,2024-01-18,2.05,3.47,2.15,,level,,2.15
107,2024-01-11,2.05,3.47,2.15,,level,,2.15
108,2024-01-04,2.05,3.47,2.15,,level,,2.15
109,2023-12-28,2.05,3.47,2.15,,level,,2.15
110,2023-12-21,2.05,3.47,2.15,,level,,2.15
111,2023-12-14,2.05,3.47,2.15,,level,,2.15
112,2023-12-07,2.05,3.47,2.15,,level,,2.15
113,2023-11-30,2.05,3.47,2.15,,level,,2.15
114,2023-11-23,2.05,3.47,2.15,,level,,2.15
115,2023-11-16,2.05,3.47,2.15,,level,,2.15
116,2023-11-09,2.05,3.47,2.15,,level,,2.15
117,2023-11-02,2.05,3.47,2.15,,level,,2.15
118,2023-10-26,2.05,3.47,2.15,,level,,2.15
119,2023-10-19,2.05,3.47,2.15,,level,,2.15
120,2023-10-12,2.05,3.37,2.15,,level,,2.15
121,2023-10-05,2.05,3.37,2.15,,level,,2.15
122,2023-09-28,2.05,3.37,2.15,,level,,2.15
123,2023-09-21,2.05,3.37,2.15,,level,,2.15
124,2023-09-14,2.05,3.37,2.15,,level,,2.15
125,2023-09-07,2.05,3.37,2.15,,level,,2.15
126,2023-08-31,2.05,3.37,2.15,,level,,2.15
127,2023-08-24,2.05,3.37,2.15,,level,,2.15
128,2023-08-17,2.05,3.37,2.15,,level,,2.15
129,2023-08-10,2.05,3.37,2.15,,level,,2.15
130,2023-08-03,2.05,3.37,2.15,,level,,2.15
131,2023-07-27,2.05,3.37,2.15,,level,,2.15
132,2023-07-20,2.05,3.37,2.15,,level,,2.15
133,2023-07-13,2.05,3.37,2.15,,level,,2.15
134,2023-07-06,2.05,3.37,2.15,,level,,2.15
135,2023-06-29,2.05,3.37,2.15,,level,,2.15
136,2023-06-22,2.05,3.37,2.15,,level,,2.15
137,2023-06-15,2.05,3.37,2.15,,level,,2.15
138,2023-06-08,2.05,3.37,2.15,,level,,2.15
139,2023-06-01,2.05,3.37,2.15,,level,,2.15
140,2023-05-25,2.05,3.35,2.15,,level,,2.15
141,2023-05-18,2.05,3.35,2.15,,level,,2.15
142,2023-05-11,2.05,3.35,2.15,,level,,2.15
143,2023-05-04,2.05,3.35,2.15,,level,,2.15
144,2023-04-27,2.05,3.35,2.15,,level,,2.15
145,2023-04-20,2.05,3.35,2.15,,level,,2.15
146,2023-04-13,2.05,3.35,2.15,,level,,2.15
147,2023-04-06,2.05,3.35,2.15,,level,,2.15
148,2023-03-30,2.05,3.35,2.15,,level,,2.15
149,2023-03-23,2.05,3.35,2.15,,level,,2.15
150,2023-03-16,2.05,3.35,2.15,,level,,2.15
151,2023-03-09,2.05,3.35,2.15,,level,,2.15
152,2023-03-02,2.05,3.35,2.15,,level,,2.15
153,2023-02-23,2.05,3.35,2.15,,level,,2.15
154,2023-02-16,2.05,3.35,2.15,,level,,2.15
155,2023-02-09,2.05,3.35,2.15,,level,,2.15
156,2023-02-02,2.05,3.35,2.15,,level,,2.15
157,2023-01-26,2.05,3.35,2.15,,level,,2.15
158,2023-01-19,2.05,3.35,2.15,,level,,2.15
159,2023-01-12,2.05,3.35,2.15,,level,,2.15
160,2023-01-05,2.05,3.35,2.15,,level,,2.15
161,2022-12-29,2.05,3.35,2.15,,level,,2.15
162,2022-12-22,2.05,3.35,2.15,,level,,2.15
163,2022-12-15,2.05,3.55,2.15,,level,,2.15
164,2022-12-08,2.05,3.75,2.15,,level,,2.15
165,2022-12-01,2.05,3.85,2.15,,level,,2.15
166,2022-11-24,2.05,3.95,2.15,,level,,2.15
167,2022-11-17,2.05,3.95,2.15,,level,,2.15
168,2022-11-10,2.05,3.95,2.15,,level,,2.15
169,2022-11-03,2.05,3.95,2.15,,level,,2.15
170,2022-10-27,2.05,3.95,2.15,,level,,2.15
171,2022-10-20,2.05,3.95,2.15,,level,,2.15
172,2022-10-13,2.05,3.95,2.15,,level,,2.15
173,2022-10-06,2.05,3.95,2.15,,level,,2.15
174,2022-09-29,2.05,4.0,2.15,,level,,2.15
175,2022-09-22,2.05,4.05,2.15,,level,,2.15
176,2022-09-14,2.05,4.15,2.15,,level,,2.15
177,2022-09-08,2.05,4.2,2.15,,level,,2.15
178,2022-09-01,2.05,4.3,2.15,,level,,2.15
179,2022-08-25,2.05,4.3,2.15,,level,,2.15
180,2022-08-18,2.05,4.35,2.15,,level,,2.15
181,2022-08-11,2.05,4.4,2.15,,level,,2.15
182,2022-08-04,2.05,4.5,2.15,,level,,2.15
183,2022-07-28,2.05,4.55,2.15,,level,,2.15
184,2022-07-21,2.05,4.65,2.15,,level,,2.15
185,2022-07-14,2.05,4.75,2.15,,level,,2.15
186,2022-07-07,2.05,4.8,2.15,,level,,2.15
187,2022-06-30,2.05,4.84,2.15,,level,,2.15
188,2022-06-23,2.05,4.84,2.15,,level,,2.15
189,2022-06-16,2.05,4.83,2.15,,level,,2.15
190,2022-06-09,2.05,4.72,2.15,,level,,2.15
191,2022-06-02,2.05,4.7,2.15,,level,,2.15
192,2022-05-26,2.05,4.7,2.15,,level,,2.15
193,2022-05-19,2.05,4.33,2.15,,level,,2.15
194,2022-05-12,2.05,4.31,2.15,,level,,2.15
195,2022-05-05,2.05,3.94,2.15,,level,,2.15
196,2022-04-28,2.05,3.94,2.15,,level,,2.15
197,2022-04-21,2.05,3.81,2.15,,level,,2.15
198,2022-04-14,2.05,3.81,2.15,,level,,2.15
199,2022-04-07,2.05,3.81,2.15,,level,,2.15
200,2022-03-31,2.05,3.91,2.15,,level,,2.15
201,2022-03-24,2.05,3.83,2.15,,level,,2.15
202,2022-03-17,2.05,4.0,2.15,,level,,2.15
203,2022-03-10,2.05,3.75,2.15,,level,,2.15
204,2022-03-03,2.05,3.45,2.15,,level,,2.15
205,2022-02-24,2.05,3.29,2.15,,level,,2.15
206,2022-02-17,2.05,3.27,2.15,,level,,2.15
207,2022-02-10,2.05,3.21,2.15,,level,,2.15
208,2022-02-03,2.05,3.12,2.15,,level,,2.15
209,2022-01-27,2.05,3.12,2.15,,level,,2.15
210,2022-01-20,2.05,3.07,2.15,,level,,2.15
211,2022-01-13,2.05,3.07,2.15,,level,,2.15
212,2022-01-06,2.05,3.03,2.15,,level,,2.15
213,2021-12-30,2.05,3.0,2.15,,level,,2.15
214,2021-12-23,2.05,2.99,2.15,,level,,2.15
215,2021-12-16,2.05,3.0,2.15,,level,,2.15
216,2021-12-09,2.05,2.99,2.15,,level,,2.15
217,2021-12-02,2.05,3.02,2.15,,level,,2.15
218,2021-11-25,2.05,3.05,2.15,,level,,2.15
219,2021-11-18,2.05,3.08,2.15,,level,,2.15
220,2021-11-11,2.05,3.08,2.15,,level,,2.15
221,2021-11-04,2.05,3.06,2.15,,level,,2.15
222,2021-10-28,2.05,2.97,2.15,,level,,2.15
223,2021-10-21,2.05,2.87,2.15,,level,,2.15
224,2021-10-14,2.05,2.87,2.15,,level,,2.15
225,2021-10-07,2.05,2.77,2.15,,level,,2.15
226,2021-09-30,2.05,2.76,2.15,,level,,2.15
227,2021-09-23,2.05,2.75,2.15,,level,,2.15
228,2021-09-16,2.05,2.73,2.15,,level,,2.15
229,2021-09-09,2.05,2.73,2.15,,level,,2.15
230,2021-09-02,2.05,2.72,2.15,,level,,2.15
231,2021-08-26,2.05,2.72,2.15,,level,,2.15
232,2021-08-19,2.05,2.74,2.15,,level,,2.15
233,2021-08-12,2.05,2.74,2.15,,level,,2.15
234,2021-08-05,2.05,2.74,2.15,,level,,2.15
235,2021-07-28,2.05,2.74,2.15,,level,,2.15
236,2021-07-22,2.05,2.73,2.15,,level,,2.15
237,2021-07-15,2.05,2.73,2.15,,level,,2.15
238,2021-07-08,2.05,2.7,2.15,,level,,2.15
239,2021-07-01,2.05,2.69,2.15,,level,,2.15
240,2021-06-24,2.05,2.67,2.15,,level,,2.15
241,2021-06-17,2.05,2.67,2.15,,level,,2.15
242,2021-06-10,2.05,2.65,2.15,,level,,2.15
243,2021-06-03,2.05,2.63,2.15,,level,,2.15
244,2021-05-27,2.05,2.61,2.15,,level,,2.15
245,2021-05-20,2.05,2.61,2.15,,level,,2.15
246,2021-05-13,2.05,2.6,2.15,,level,,2.15
247,2021-05-06,2.05,2.6,2.15,,level,,2.15
248,2021-04-29,2.05,2.58,2.15,,level,,2.15
249,2021-04-22,2.05,2.58,2.15,,level,,2.15
250,2021-04-15,2.05,2.54,2.15,,level,,2.15
251,2021-04-08,2.05,2.54,2.15,,level,,2.15
252,2021-04-01,2.05,2.52,2.15,,level,,2.15
253,2021-03-25,2.05,2.5,2.15,,level,,2.15
254,2021-03-18,2.05,2.47,2.15,,level,,2.15
255,2021-03-11,2.05,2.4,2.15,,level,,2.15
256,2021-03-04,2.05,2.35,2.15,,level,,2.15
257,2021-02-27,2.05,2.35,2.15,,level,,2.15
258,2021-02-20,2.0,2.3,2.15,,level,,2.15
259,2021-02-13,1.96,2.26,2.15,,level,,2.15
260,2021-02-06,1.93,2.23,2.11,,level,,2.11
261,2021-01-30,1.9,2.2,2.07,,level,,2.07
262,2021-01-23,1.9,2.2,2.09,,level,,2.09
263,2021-01-16,1.89,2.19,2.05,,level,,2.05
264,2021-01-09,1.84,2.14,2.02,,level,,2.02
265,2021-01-02,1.84,2.14,2.01,,level,,2.01
266,2020-12-26,1.8,2.1,1.98,,level,,1.98
267,2020-12-19,1.78,2.08,1.96,,level,,1.96
268,2020-12-12,1.73,2.03,1.93,,level,,1.93
269,2020-12-05,1.7,2.0,1.9,,level,,1.9
270,2020-11-28,1.67,1.97,1.85,,level,,1.85
271,2020-11-21,1.64,1.94,1.81,,level,,1.81
272,2020-11-14,1.62,1.92,1.74,,level,,1.74
273,2020-11-07,1.61,1.91,1.68,,level,,1.68
274,2020-10-31,1.64,1.94,1.74,,level,,1.74
275,2020-10-24,1.64,1.94,1.74,,level,,1.74
276,2020-10-17,1.68,1.98,1.74,,level,,1.74
277,2020-10-10,1.67,1.97,1.69,,level,,1.69
278,2020-10-03,1.71,2.01,1.7,,level,,1.7
279,2020-09-26,1.68,1.98,1.71,,level,,1.71
280,2020-09-19,1.63,1.93,1.67,,level,,1.67
281,2020-09-12,1.66,1.96,1.72,,level,,1.72
282,2020-09-05,1.71,2.01,1.78,,level,,1.78
283,2020-08-29,1.72,2.02,1.78,,level,,1.78
284,2020-08-22,1.71,2.01,1.8,,level,,1.8
285,2020-08-15,1.68,1.98,1.82,,level,,1.82
286,2020-08-08,1.63,1.93,1.79,,level,,1.79
287,2020-08-01,1.68,1.98,1.83,,level,,1.83
288,2020-07-25,1.68,1.98,1.82,,level,,1.82
289,2020-07-18,1.72,2.02,1.87,,level,,1.87
290,2020-07-11,1.72,2.02,1.87,,level,,1.87
291,2020-07-04,1.65,1.95,1.84,,level,,1.84
292,2020-06-27,1.69,1.99,1.86,,level,,1.86
293,2020-06-20,1.59,1.89,1.77,,level,,1.77
294,2020-06-13,1.56,1.86,1.73,,level,,1.73
295,2020-06-06,1.48,1.78,1.63,,level,,1.63
296,2020-05-30,1.43,1.73,1.61,,level,,1.61
297,2020-05-23,1.38,1.68,1.51,,level,,1.51
298,2020-05-16,1.31,1.61,1.45,,level,,1.45
299,2020-05-09,1.25,1.55,1.4,,level,,1.4
300,2020-05-02,1.25,1.55,1.4,,level,,1.4
301,2020-04-25,1.25,1.55,1.4,,level,,1.4
302,2020-04-18,1.25,1.55,1.43,,level,,1.43
303,2020-04-11,1.25,1.55,1.46,,level,,1.46
304,2020-04-04,1.3,1.6,1.58,,level,,1.58
305,2020-03-28,1.38,1.68,1.68,,level,,1.68
306,2020-03-21,1.44,1.74,1.75,,level,,1.75
307,2020-03-14,1.82,2.1,1.87,,level,,1.87
308,2020-03-07,1.89,2.19,1.96,,level,,1.96
309,2020-02-29,2.08,2.4,2.13,,level,,2.13
310,2020-02-22,2.08,2.38,2.14,,level,,2.14
311,2020-02-15,2.06,2.36,2.14,,level,,2.14
312,2020-02-08,2.04,2.34,2.08,,level,,2.08
313,2020-02-01,2.08,2.41,2.18,,level,,2.18
314,2020-01-25,2.08,2.49,2.18,,level,,2.18
315,2020-01-18,2.08,2.53,2.18,,level,,2.18
316,2020-01-11,2.08,2.62,2.18,,level,,2.18
317,2020-01-04,2.08,2.65,2.18,,level,,2.18
318,2019-12-28,2.08,2.63,2.18,,level,,2.18
319,2019-12-21,2.08,2.58,2.18,,level,,2.18
320,2019-12-14,2.08,2.64,2.18,,level,,2.18
321,2019-12-07,2.08,2.64,2.18,,level,,2.18
322,2019-11-30,2.08,2.66,2.18,,level,,2.18
323,2019-11-23,2.08,2.66,2.18,,level,,2.18
324,2019-11-16,2.08,2.7,2.18,,level,,2.18
325,2019-11-09,2.08,2.57,2.18,,level,,2.18
326,2019-11-02,2.08,2.56,2.18,,level,,2.18
327,2019-10-26,2.08,2.59,2.18,,level,,2.18
328,2019-10-19,2.08,2.68,2.18,,level,,2.18
329,2019-10-12,2.08,2.67,2.18,,level,,2.18
330,2019-10-05,2.08,2.6,2.18,,level,,2.18
331,2019-09-28,2.08,2.79,2.18,,level,,2.18
332,2019-09-21,2.08,2.67,2.18,,level,,2.18
333,2019-09-14,2.08,2.53,2.18,,level,,2.18
334,2019-09-07,2.08,2.5,2.18,,level,,2.18
335,2019-08-31,2.08,2.5,2.18,,level,,2.18
336,2019-08-24,2.08,2.51,2.18,,level,,2.18
337,2019-08-17,2.08,2.49,2.18,,level,,2.18
338,2019-08-10,2.08,2.49,2.18,,level,,2.18
339,2019-08-03,2.08,2.54,2.18,,level,,2.18
340,2019-07-27,2.08,2.56,2.18,,level,,2.18
341,2019-07-20,2.08,2.67,2.18,,level,,2.18
342,2019-07-13,2.08,2.57,2.18,,level,,2.18
343,2019-07-06,2.08,2.53,2.18,,level,,2.18
344,2019-06-29,2.08,2.49,2.18,,level,,2.18
345,2019-06-22,2.08,2.38,2.18,,level,,2.18
346,2019-06-15,2.08,2.41,2.18,,level,,2.18
347,2019-06-01,2.08,2.63,2.18,,level,,2.18
348,2019-05-25,2.08,2.76,2.18,,level,,2.18
349,2019-05-18,2.08,2.68,2.18,,level,,2.18
350,2019-05-11,2.08,2.7,2.18,,level,,2.18
351,2019-05-04,2.08,2.8,2.18,,level,,2.18
352,2019-04-27,2.08,2.81,2.18,,level,,2.18
353,2019-04-20,2.08,2.8,2.18,,level,,2.18
354,2019-04-13,2.08,2.68,2.18,,level,,2.18
355,2019-04-06,2.08,2.63,2.18,,level,,2.18
356,2019-03-30,2.08,2.63,2.18,,level,,2.18
357,2019-03-23,2.08,2.61,2.18,,level,,2.18
358,2019-03-16,2.08,2.54,2.18,,level,,2.18
359,2019-03-09,2.08,2.46,2.18,,level,,2.18
360,2019-03-02,2.08,2.43,2.18,,level,,2.18
361,2019-02-23,2.08,2.38,2.18,,level,,2.18
362,2019-02-16,1.98,2.28,2.18,,level,,2.18
363,2019-02-09,1.97,2.27,2.18,,level,,2.18
364,2019-02-02,1.93,2.23,2.18,,level,,2.18
365,2019-01-26,1.98,2.28,2.18,,level,,2.18
366,2019-01-19,1.98,2.28,2.17,,level,,2.17
367,2019-01-12,1.92,2.22,2.05,,level,,2.05
368,2019-01-05,1.93,2.23,2.04,,level,,2.04
369,2019-01-01,2.2,2.5,2.18,,level,,2.18
370,2018-12-01,2.2,2.5,2.18,,level,,2.18
371,2018-11-01,2.2,2.81,2.18,,level,,2.18
372,2018-10-01,2.2,2.79,2.18,,level,,2.18
373,2018-08-30,2.2,2.69,2.18,,level,,2.18
374,2018-08-23,2.2,2.65,2.18,,level,,2.18
375,2018-08-16,2.2,2.65,2.18,,level,,2.18
376,2018-08-09,2.2,2.61,2.18,,level,,2.18
377,2018-08-02,2.2,2.64,2.18,,level,,2.18
378,2018-07-26,2.2,2.54,2.18,,level,,2.18
379,2018-07-19,2.2,2.56,2.18,,level,,2.18
380,2018-07-12,2.2,2.59,2.18,,level,,2.18
381,2018-07-05,2.2,2.58,2.18,,level,,2.18
382,2018-06-28,2.2,2.5,2.18,,level,,2.18
383,2018-06-21,2.2,2.59,2.18,,level,,2.18
384,2018-06-14,2.2,2.6,2.18,,level,,2.18
385,2018-06-07,2.2,2.66,2.18,,level,,2.18
386,2018-05-10,2.2,2.47,2.18,,level,,2.18
387,2018-05-03,2.2,2.47,2.18,,level,,2.18
388,2018-04-26,2.2,2.47,2.18,,level,,2.18
389,2018-04-19,2.2,2.47,2.18,,level,,2.18
390,2018-04-12,2.2,2.47,2.18,,level,,2.18
391,2018-04-05,2.2,2.47,2.18,,level,,2.18
392,2018-03-29,2.2,2.47,2.18,,level,,2.18
393,2018-03-22,2.2,2.47,2.18,,level,,2.18
394,2018-03-15,2.18,2.45,2.16,,level,,2.16
395,2018-03-08,2.21,2.47,2.17,,level,,2.17
396,2018-03-01,2.2,2.47,2.18,,level,,2.18
397,2018-02-22,2.17,2.43,2.13,,level,,2.13
398,2018-02-15,2.23,2.5,2.19,,level,,2.19
399,2018-02-08,2.33,2.61,2.31,,level,,2.31
400,2018-02-01,2.31,2.58,2.34,,level,,2.34
401,2018-01-25,2.29,2.56,2.31,,level,,2.31
402,2018-01-18,2.3,2.57,2.32,,level,,2.32
403,2018-01-11,2.26,2.53,2.32,,level,,2.32
404,2018-01-04,2.29,2.56,2.32,,level,,2.32
405,2017-12-28,2.26,2.53,2.26,,level,,2.26
406,2017-12-21,2.27,2.54,2.23,,level,,2.23
407,2017-12-14,2.25,2.52,2.2,,level,,2.2
408,2017-12-07,2.29,2.57,2.21,,level,,2.21
409,2017-11-30,2.3,2.58,2.25,,level,,2.25
410,2017-11-23,2.3,2.58,2.23,,level,,2.23
411,2017-11-16,2.38,2.66,2.25,,level,,2.25
412,2017-11-09,2.31,2.6,2.2,,level,,2.2
413,2017-11-02,2.24,2.54,2.17,,level,,2.17
414,2017-10-26,2.2,2.5,2.13,,level,,2.13
415,2017-10-19,2.17,2.47,2.11,,level,,2.11
416,2017-10-12,2.16,2.46,2.1,,level,,2.1
417,2017-10-05,2.19,2.49,2.17,,level,,2.17
418,2017-09-28,2.16,2.46,2.12,,level,,2.12
419,2017-09-21,2.19,2.49,2.1,,level,,2.1
420,2017-09-14,2.21,2.52,2.14,,level,,2.14
421,2017-09-07,2.2,2.48,2.05,,level,,2.05
422,2017-08-31,2.16,2.44,2.04,,level,,2.04
423,2017-08-24,2.15,2.43,2.01,,level,,2.01
424,2017-08-17,2.15,2.43,2.04,,level,,2.04
425,2017-08-10,2.12,2.39,2.06,,level,,2.06
426,2017-08-03,2.07,2.32,2.05,,level,,2.05
427,2017-07-27,2.03,2.28,1.99,,level,,1.99
428,2017-07-20,1.97,2.22,1.96,,level,,1.96
429,2017-07-13,1.97,2.22,1.96,,level,,1.96
430,2017-07-06,1.93,2.19,1.91,,level,,1.91
431,2017-06-29,1.89,2.15,1.84,,level,,1.84
432,2017-06-22,1.91,2.17,1.88,,level,,1.88
433,2017-06-15,1.98,2.24,1.88,,level,,1.88
434,2017-06-08,2.05,2.31,1.94,,level,,1.94
435,2017-06-01,2.1,2.38,2.02,,level,,2.02
436,2017-05-25,2.12,2.4,2.03,,level,,2.03
437,2017-05-18,2.08,2.36,1.99,,level,,1.99
438,2017-05-11,2.01,2.29,1.95,,level,,1.95
439,2017-05-04,2.11,2.39,2.08,,level,,2.08
440,2017-04-27,2.21,2.49,2.14,,level,,2.14
441,2017-04-20,2.27,2.54,2.21,,level,,2.21
442,2017-04-13,2.24,2.52,2.16,,level,,2.16
443,2017-04-06,2.16,2.43,2.08,,level,,2.08
444,2017-03-30,2.13,2.41,2.11,,level,,2.11
445,2026-01-22,0.020000000000000018,0.020000000000000018,0.040000000000000036,0.0,change_weekly,0.0,0.0
446,2026-01-15,-0.020000000000000018,-0.029999999999999805,-0.050000000000000266,0.0,change_weekly,0.0,0.0
447,2026-01-08,-0.020000000000000018,-0.050000000000000266,-0.04999999999999982,0.0,change_weekly,0.0,0.0
448,2026-01-01,0.0,0.0,0.0,0.0,change_weekly,0.0,0.0
449,2025-12-25,-0.06000000000000005,-0.08000000000000007,-0.08000000000000007,0.0,change_weekly,0.0,0.0
450,2025-12-18,-0.020000000000000018,-0.029999999999999805,-0.040000000000000036,0.0,change_weekly,0.0,0.0
451,2025-12-11,-0.020000000000000018,-0.020000000000000018,-0.020000000000000018,0.0,change_weekly,0.0,0.0
452,2025-12-04,0.03000000000000025,0.03000000000000025,0.0,0.0,change_weekly,0.0,0.0
453,2025-11-27,-0.020000000000000018,-0.020000000000000018,-0.020000000000000018,0.0,change_weekly,0.0,0.0
454,2025-11-20,0.0,0.029999999999999805,0.03000000000000025,0.0,change_weekly,0.0,0.0
455,2025-11-13,0.04999999999999982,0.04999999999999982,0.04999999999999982,0.0,change_weekly,0.0,0.0
456,2025-11-06,0.0,0.0,0.06999999999999984,0.0,change_weekly,0.0,0.0
457,2025-10-30,0.0,0.06000000000000005,0.06000000000000005,0.0,change_weekly,0.0,0.0
458,2025-10-23,0.0,-0.040000000000000036,-0.040000000000000036,0.0,change_weekly,0.0,0.0
459,2025-10-16,0.0,0.0,0.0,0.0,change_weekly,0.0,0.0
460,2025-10-09,0.0,-0.029999999999999805,0.0,0.0,change_weekly,0.0,0.0
461,2025-09-30,0.5500000000000003,0.0,0.0,,change_weekly,,0.0
462,2025-09-25,0.0,0.0,0.0,,change_weekly,,0.0
463,2025-09-18,0.0,0.029999999999999805,0.03000000000000025,,change_weekly,,0.0
464,2025-09-11,0.0,0.020000000000000018,0.020000000000000018,,change_weekly,,0.0
465,2025-09-04,0.0,0.0,0.0,,change_weekly,,0.0
466,2025-08-28,0.0,0.03000000000000025,0.029999999999999805,,change_weekly,,0.0
467,2025-08-21,0.0,0.0,-0.04999999999999982,,change_weekly,,0.0
468,2025-08-14,0.0,-0.040000000000000036,-0.040000000000000036,,change_weekly,,0.0
469,2025-08-07,0.0,0.0,0.029999999999999805,,change_weekly,,0.0
470,2025-07-31,0.0,-0.040000000000000036,0.0,,change_weekly,,0.0
471,2025-07-24,0.0,0.0,0.0,,change_weekly,,0.0
472,2025-07-17,0.0,0.029999999999999805,0.03000000000000025,,change_weekly,,0.0
473,2025-07-10,0.0,0.0,0.029999999999999805,,change_weekly,,0.0
474,2025-07-03,0.0,-0.029999999999999805,-0.029999999999999805,,change_weekly,,0.0
475,2025-06-26,0.0,0.06999999999999984,0.06999999999999984,,change_weekly,,0.0
476,2025-06-19,0.0,0.07000000000000028,0.06999999999999984,,change_weekly,,0.0
477,2025-06-12,0.0,0.0,0.0,,change_weekly,,0.0
478,2025-06-05,0.0,-0.03000000000000025,-0.029999999999999805,,change_weekly,,0.0
479,2025-05-29,0.0,0.0,-0.029999999999999805,,change_weekly,,0.0
480,2025-05-22,0.0,0.03000000000000025,0.029999999999999805,,change_weekly,,0.0
481,2025-05-15,0.0,-0.03000000000000025,-0.029999999999999805,,change_weekly,,0.0
482,2025-05-08,0.0,-0.08000000000000007,-0.08000000000000007,,change_weekly,,0.0
483,2025-05-01,0.0,0.0,0.0,,change_weekly,,0.0
484,2025-04-24,0.0,0.0,0.0,,change_weekly,,0.0
485,2025-04-17,0.0,-0.09999999999999964,-0.10000000000000009,,change_weekly,,0.0
486,2025-04-10,0.0,-0.050000000000000266,-0.04999999999999982,,change_weekly,,0.0
487,2025-04-03,0.0,0.050000000000000266,0.0,,change_weekly,,0.0
488,2025-03-27,0.0,0.0,0.0,,change_weekly,,0.0
489,2025-03-20,0.0,0.0,-0.03000000000000025,,change_weekly,,0.0
490,2025-03-13,0.0,-0.10000000000000009,-0.06999999999999984,,change_weekly,,0.0
491,2025-03-06,0.0,-0.050000000000000266,-0.050000000000000266,,change_weekly,,0.0
492,2025-02-27,0.0,0.0,0.0,,change_weekly,,0.0
493,2025-02-20,0.0,0.0,0.0,,change_weekly,,0.0
494,2025-02-13,0.0,0.0,0.0,,change_weekly,,0.0
495,2025-02-06,0.0,0.0,0.0,,change_weekly,,0.0
496,2025-01-30,0.0,0.0,0.050000000000000266,,change_weekly,,0.0
497,2025-01-23,0.0,0.050000000000000266,0.04999999999999982,,change_weekly,,0.0
498,2025-01-16,0.0,0.04999999999999982,0.050000000000000266,,change_weekly,,0.0
499,2025-01-09,0.0,0.050000000000000266,0.04999999999999982,,change_weekly,,0.0
500,2025-01-02,0.0,0.029999999999999805,0.029999999999999805,,change_weekly,,0.0
501,2024-12-26,0.0,0.029999999999999805,0.0,,change_weekly,,0.0
502,2024-12-19,0.0,0.03000000000000025,0.0,,change_weekly,,0.0
503,2024-12-12,0.0,0.0,0.0,,change_weekly,,0.0
504,2024-12-05,0.0,0.0,0.0,,change_weekly,,0.0
505,2024-11-28,0.0,0.0,0.0,,change_weekly,,0.0
506,2024-11-21,0.0,0.0,0.0,,change_weekly,,0.0
507,2024-11-14,0.0,0.0,0.0,,change_weekly,,0.0
508,2024-11-07,0.0,0.0,0.0,,change_weekly,,0.0
509,2024-10-31,0.0,0.0,0.0,,change_weekly,,0.0
510,2024-10-24,0.0,0.0,0.0,,change_weekly,,0.0
511,2024-10-17,0.0,0.0,0.0,,change_weekly,,0.0
512,2024-10-10,0.0,0.0,0.0,,change_weekly,,0.0
513,2024-10-03,0.0,0.0,0.0,,change_weekly,,0.0
514,2024-09-26,0.0,0.0,0.0,,change_weekly,,0.0
515,2024-09-19,0.0,-0.06000000000000005,-0.05999999999999961,,change_weekly,,0.0
516,2024-09-12,0.0,-0.1499999999999999,-0.15000000000000036,,change_weekly,,0.0
517,2024-09-05,0.0,-0.020000000000000018,-0.020000000000000018,,change_weekly,,0.0
518,2024-08-29,0.0,-0.050000000000000266,-0.04999999999999982,,change_weekly,,0.0
519,2024-08-22,0.0,0.0,-0.020000000000000018,,change_weekly,,0.0
520,2024-08-15,0.0,0.0,-0.04999999999999982,,change_weekly,,0.0
521,2024-08-08,0.0,0.0,-0.050000000000000266,,change_weekly,,0.0
522,2024-08-01,0.0,0.0,0.0,,change_weekly,,0.0
523,2024-07-25,0.0,0.0,0.0,,change_weekly,,0.0
524,2024-07-18,0.0,0.0,0.0,,change_weekly,,0.0
525,2024-07-11,0.0,0.0,0.0,,change_weekly,,0.0
526,2024-07-04,0.0,0.0,0.0,,change_weekly,,0.0
527,2024-06-27,0.0,0.0,0.0,,change_weekly,,0.0
528,2024-06-20,0.0,0.0,0.0,,change_weekly,,0.0
529,2024-06-13,0.0,0.0,0.0,,change_weekly,,0.0
530,2024-06-10,0.0,0.0,1.2000000000000002,,change_weekly,,0.0
531,2024-06-06,0.0,0.0,0.0,,change_weekly,,0.0
532,2024-05-30,0.0,0.0,0.0,,change_weekly,,0.0
533,2024-05-23,0.0,0.0,0.0,,change_weekly,,0.0
534,2024-05-16,0.0,0.0,0.0,,change_weekly,,0.0
535,2024-05-09,0.0,0.0,0.0,,change_weekly,,0.0
536,2024-05-02,0.0,0.0,0.0,,change_weekly,,0.0
537,2024-04-25,0.0,0.0,0.0,,change_weekly,,0.0
538,2024-04-18,0.0,0.0,0.0,,change_weekly,,0.0
539,2024-04-11,0.0,0.0,0.0,,change_weekly,,0.0
540,2024-04-04,0.0,0.0,0.0,,change_weekly,,0.0
541,2024-03-28,0.0,0.0,0.0,,change_weekly,,0.0
542,2024-03-21,0.0,0.0,0.0,,change_weekly,,0.0
543,2024-03-14,0.0,0.0,0.0,,change_weekly,,0.0
544,2024-03-07,0.0,0.0,0.0,,change_weekly,,0.0
545,2024-02-29,0.0,0.0,0.0,,change_weekly,,0.0
546,2024-02-22,0.0,0.0,0.0,,change_weekly,,0.0
547,2024-02-15,0.0,0.0,0.0,,change_weekly,,0.0
548,2024-02-08,0.0,0.0,0.0,,change_weekly,,0.0
549,2024-02-01,0.0,0.0,0.0,,change_weekly,,0.0
550,2024-01-25,0.0,0.0,0.0,,change_weekly,,0.0
551,2024-01-18,0.0,0.0,0.0,,change_weekly,,0.0
552,2024-01-11,0.0,0.0,0.0,,change_weekly,,0.0
553,2024-01-04,0.0,0.0,0.0,,change_weekly,,0.0
554,2023-12-28,0.0,0.0,0.0,,change_weekly,,0.0
555,2023-12-21,0.0,0.0,0.0,,change_weekly,,0.0
556,2023-12-14,0.0,0.0,0.0,,change_weekly,,0.0
557,2023-12-07,0.0,0.0,0.0,,change_weekly,,0.0
558,2023-11-30,0.0,0.0,0.0,,change_weekly,,0.0
559,2023-11-23,0.0,0.0,0.0,,change_weekly,,0.0
560,2023-11-16,0.0,0.0,0.0,,change_weekly,,0.0
561,2023-11-09,0.0,0.0,0.0,,change_weekly,,0.0
562,2023-11-02,0.0,0.0,0.0,,change_weekly,,0.0
563,2023-10-26,0.0,0.0,0.0,,change_weekly,,0.0
564,2023-10-19,0.0,0.10000000000000009,0.0,,change_weekly,,0.0
565,2023-10-12,0.0,0.0,0.0,,change_weekly,,0.0
566,2023-10-05,0.0,0.0,0.0,,change_weekly,,0.0
567,2023-09-28,0.0,0.0,0.0,,change_weekly,,0.0
568,2023-09-21,0.0,0.0,0.0,,change_weekly,,0.0
569,2023-09-14,0.0,0.0,0.0,,change_weekly,,0.0
570,2023-09-07,0.0,0.0,0.0,,change_weekly,,0.0
571,2023-08-31,0.0,0.0,0.0,,change_weekly,,0.0
572,2023-08-24,0.0,0.0,0.0,,change_weekly,,0.0
573,2023-08-17,0.0,0.0,0.0,,change_weekly,,0.0
574,2023-08-10,0.0,0.0,0.0,,change_weekly,,0.0
575,2023-08-03,0.0,0.0,0.0,,change_weekly,,0.0
576,2023-07-27,0.0,0.0,0.0,,change_weekly,,0.0
577,2023-07-20,0.0,0.0,0.0,,change_weekly,,0.0
578,2023-07-13,0.0,0.0,0.0,,change_weekly,,0.0
579,2023-07-06,0.0,0.0,0.0,,change_weekly,,0.0
580,2023-06-29,0.0,0.0,0.0,,change_weekly,,0.0
581,2023-06-22,0.0,0.0,0.0,,change_weekly,,0.0
582,2023-06-15,0.0,0.0,0.0,,change_weekly,,0.0
583,2023-06-08,0.0,0.0,0.0,,change_weekly,,0.0
584,2023-06-01,0.0,0.020000000000000018,0.0,,change_weekly,,0.0
585,2023-05-25,0.0,0.0,0.0,,change_weekly,,0.0
586,2023-05-18,0.0,0.0,0.0,,change_weekly,,0.0
587,2023-05-11,0.0,0.0,0.0,,change_weekly,,0.0
588,2023-05-04,0.0,0.0,0.0,,change_weekly,,0.0
589,2023-04-27,0.0,0.0,0.0,,change_weekly,,0.0
590,2023-04-20,0.0,0.0,0.0,,change_weekly,,0.0
591,2023-04-13,0.0,0.0,0.0,,change_weekly,,0.0
592,2023-04-06,0.0,0.0,0.0,,change_weekly,,0.0
593,2023-03-30,0.0,0.0,0.0,,change_weekly,,0.0
594,2023-03-23,0.0,0.0,0.0,,change_weekly,,0.0
595,2023-03-16,0.0,0.0,0.0,,change_weekly,,0.0
596,2023-03-09,0.0,0.0,0.0,,change_weekly,,0.0
597,2023-03-02,0.0,0.0,0.0,,change_weekly,,0.0
598,2023-02-23,0.0,0.0,0.0,,change_weekly,,0.0
599,2023-02-16,0.0,0.0,0.0,,change_weekly,,0.0
600,2023-02-09,0.0,0.0,0.0,,change_weekly,,0.0
601,2023-02-02,0.0,0.0,0.0,,change_weekly,,0.0
602,2023-01-26,0.0,0.0,0.0,,change_weekly,,0.0
603,2023-01-19,0.0,0.0,0.0,,change_weekly,,0.0
604,2023-01-12,0.0,0.0,0.0,,change_weekly,,0.0
605,2023-01-05,0.0,0.0,0.0,,change_weekly,,0.0
606,2022-12-29,0.0,0.0,0.0,,change_weekly,,0.0
607,2022-12-22,0.0,-0.19999999999999973,0.0,,change_weekly,,0.0
608,2022-12-15,0.0,-0.20000000000000018,0.0,,change_weekly,,0.0
609,2022-12-08,0.0,-0.10000000000000009,0.0,,change_weekly,,0.0
610,2022-12-01,0.0,-0.10000000000000009,0.0,,change_weekly,,0.0
611,2022-11-24,0.0,0.0,0.0,,change_weekly,,0.0
612,2022-11-17,0.0,0.0,0.0,,change_weekly,,0.0
613,2022-11-10,0.0,0.0,0.0,,change_weekly,,0.0
614,2022-11-03,0.0,0.0,0.0,,change_weekly,,0.0
615,2022-10-27,0.0,0.0,0.0,,change_weekly,,0.0
616,2022-10-20,0.0,0.0,0.0,,change_weekly,,0.0
617,2022-10-13,0.0,0.0,0.0,,change_weekly,,0.0
618,2022-10-06,0.0,-0.04999999999999982,0.0,,change_weekly,,0.0
619,2022-09-29,0.0,-0.04999999999999982,0.0,,change_weekly,,0.0
620,2022-09-22,0.0,-0.10000000000000053,0.0,,change_weekly,,0.0
621,2022-09-14,0.0,-0.04999999999999982,0.0,,change_weekly,,0.0
622,2022-09-08,0.0,-0.09999999999999964,0.0,,change_weekly,,0.0
623,2022-09-01,0.0,0.0,0.0,,change_weekly,,0.0
624,2022-08-25,0.0,-0.04999999999999982,0.0,,change_weekly,,0.0
625,2022-08-18,0.0,-0.05000000000000071,0.0,,change_weekly,,0.0
626,2022-08-11,0.0,-0.09999999999999964,0.0,,change_weekly,,0.0
627,2022-08-04,0.0,-0.04999999999999982,0.0,,change_weekly,,0.0
628,2022-07-28,0.0,-0.10000000000000053,0.0,,change_weekly,,0.0
629,2022-07-21,0.0,-0.09999999999999964,0.0,,change_weekly,,0.0
630,2022-07-14,0.0,-0.04999999999999982,0.0,,change_weekly,,0.0
631,2022-07-07,0.0,-0.040000000000000036,0.0,,change_weekly,,0.0
632,2022-06-30,0.0,0.0,0.0,,change_weekly,,0.0
633,2022-06-23,0.0,0.009999999999999787,0.0,,change_weekly,,0.0
634,2022-06-16,0.0,0.11000000000000032,0.0,,change_weekly,,0.0
635,2022-06-09,0.0,0.019999999999999574,0.0,,change_weekly,,0.0
636,2022-06-02,0.0,0.0,0.0,,change_weekly,,0.0
637,2022-05-26,0.0,0.3700000000000001,0.0,,change_weekly,,0.0
638,2022-05-19,0.0,0.020000000000000462,0.0,,change_weekly,,0.0
639,2022-05-12,0.0,0.36999999999999966,0.0,,change_weekly,,0.0
640,2022-05-05,0.0,0.0,0.0,,change_weekly,,0.0
641,2022-04-28,0.0,0.1299999999999999,0.0,,change_weekly,,0.0
642,2022-04-21,0.0,0.0,0.0,,change_weekly,,0.0
643,2022-04-14,0.0,0.0,0.0,,change_weekly,,0.0
644,2022-04-07,0.0,-0.10000000000000009,0.0,,change_weekly,,0.0
645,2022-03-31,0.0,0.08000000000000007,0.0,,change_weekly,,0.0
646,2022-03-24,0.0,-0.16999999999999993,0.0,,change_weekly,,0.0
647,2022-03-17,0.0,0.25,0.0,,change_weekly,,0.0
648,2022-03-10,0.0,0.2999999999999998,0.0,,change_weekly,,0.0
649,2022-03-03,0.0,0.16000000000000014,0.0,,change_weekly,,0.0
650,2022-02-24,0.0,0.020000000000000018,0.0,,change_weekly,,0.0
651,2022-02-17,0.0,0.06000000000000005,0.0,,change_weekly,,0.0
652,2022-02-10,0.0,0.08999999999999986,0.0,,change_weekly,,0.0
653,2022-02-03,0.0,0.0,0.0,,change_weekly,,0.0
654,2022-01-27,0.0,0.050000000000000266,0.0,,change_weekly,,0.0
655,2022-01-20,0.0,0.0,0.0,,change_weekly,,0.0
656,2022-01-13,0.0,0.040000000000000036,0.0,,change_weekly,,0.0
657,2022-01-06,0.0,0.029999999999999805,0.0,,change_weekly,,0.0
658,2021-12-30,0.0,0.009999999999999787,0.0,,change_weekly,,0.0
659,2021-12-23,0.0,-0.009999999999999787,0.0,,change_weekly,,0.0
660,2021-12-16,0.0,0.009999999999999787,0.0,,change_weekly,,0.0
661,2021-12-09,0.0,-0.029999999999999805,0.0,,change_weekly,,0.0
662,2021-12-02,0.0,-0.029999999999999805,0.0,,change_weekly,,0.0
663,2021-11-25,0.0,-0.03000000000000025,0.0,,change_weekly,,0.0
664,2021-11-18,0.0,0.0,0.0,,change_weekly,,0.0
665,2021-11-11,0.0,0.020000000000000018,0.0,,change_weekly,,0.0
666,2021-11-04,0.0,0.08999999999999986,0.0,,change_weekly,,0.0
667,2021-10-28,0.0,0.10000000000000009,0.0,,change_weekly,,0.0
668,2021-10-21,0.0,0.0,0.0,,change_weekly,,0.0
669,2021-10-14,0.0,0.10000000000000009,0.0,,change_weekly,,0.0
670,2021-10-07,0.0,0.010000000000000231,0.0,,change_weekly,,0.0
671,2021-09-30,0.0,0.009999999999999787,0.0,,change_weekly,,0.0
672,2021-09-23,0.0,0.020000000000000018,0.0,,change_weekly,,0.0
673,2021-09-16,0.0,0.0,0.0,,change_weekly,,0.0
674,2021-09-09,0.0,0.009999999999999787,0.0,,change_weekly,,0.0
675,2021-09-02,0.0,0.0,0.0,,change_weekly,,0.0
676,2021-08-26,0.0,-0.020000000000000018,0.0,,change_weekly,,0.0
677,2021-08-19,0.0,0.0,0.0,,change_weekly,,0.0
678,2021-08-12,0.0,0.0,0.0,,change_weekly,,0.0
679,2021-08-05,0.0,0.0,0.0,,change_weekly,,0.0
680,2021-07-28,0.0,0.010000000000000231,0.0,,change_weekly,,0.0
681,2021-07-22,0.0,0.0,0.0,,change_weekly,,0.0
682,2021-07-15,0.0,0.029999999999999805,0.0,,change_weekly,,0.0
683,2021-07-08,0.0,0.010000000000000231,0.0,,change_weekly,,0.0
684,2021-07-01,0.0,0.020000000000000018,0.0,,change_weekly,,0.0
685,2021-06-24,0.0,0.0,0.0,,change_weekly,,0.0
686,2021-06-17,0.0,0.020000000000000018,0.0,,change_weekly,,0.0
687,2021-06-10,0.0,0.020000000000000018,0.0,,change_weekly,,0.0
688,2021-06-03,0.0,0.020000000000000018,0.0,,change_weekly,,0.0
689,2021-05-27,0.0,0.0,0.0,,change_weekly,,0.0
690,2021-05-20,0.0,0.009999999999999787,0.0,,change_weekly,,0.0
691,2021-05-13,0.0,0.0,0.0,,change_weekly,,0.0
692,2021-05-06,0.0,0.020000000000000018,0.0,,change_weekly,,0.0
693,2021-04-29,0.0,0.0,0.0,,change_weekly,,0.0
694,2021-04-22,0.0,0.040000000000000036,0.0,,change_weekly,,0.0
695,2021-04-15,0.0,0.0,0.0,,change_weekly,,0.0
696,2021-04-08,0.0,0.020000000000000018,0.0,,change_weekly,,0.0
697,2021-04-01,0.0,0.020000000000000018,0.0,,change_weekly,,0.0
698,2021-03-25,0.0,0.029999999999999805,0.0,,change_weekly,,0.0
699,2021-03-18,0.0,0.07000000000000028,0.0,,change_weekly,,0.0
700,2021-03-11,0.0,0.04999999999999982,0.0,,change_weekly,,0.0
701,2021-03-04,0.0,0.0,0.0,,change_weekly,,0.0
702,2021-02-27,0.04999999999999982,0.050000000000000266,0.0,,change_weekly,,0.0
703,2021-02-20,0.040000000000000036,0.040000000000000036,0.0,,change_weekly,,0.0
704,2021-02-13,0.030000000000000027,0.029999999999999805,0.040000000000000036,,change_weekly,,0.040000000000000036
705,2021-02-06,0.030000000000000027,0.029999999999999805,0.040000000000000036,,change_weekly,,0.040000000000000036
706,2021-01-30,0.0,0.0,-0.020000000000000018,,change_weekly,,-0.020000000000000018
707,2021-01-23,0.010000000000000009,0.010000000000000231,0.040000000000000036,,change_weekly,,0.040000000000000036
708,2021-01-16,0.04999999999999982,0.04999999999999982,0.029999999999999805,,change_weekly,,0.029999999999999805
709,2021-01-09,0.0,0.0,0.010000000000000231,,change_weekly,,0.010000000000000231
710,2021-01-02,0.040000000000000036,0.040000000000000036,0.029999999999999805,,change_weekly,,0.029999999999999805
711,2020-12-26,0.020000000000000018,0.020000000000000018,0.020000000000000018,,change_weekly,,0.020000000000000018
712,2020-12-19,0.050000000000000044,0.050000000000000266,0.030000000000000027,,change_weekly,,0.030000000000000027
713,2020-12-12,0.030000000000000027,0.029999999999999805,0.030000000000000027,,change_weekly,,0.030000000000000027
714,2020-12-05,0.030000000000000027,0.030000000000000027,0.04999999999999982,,change_weekly,,0.04999999999999982
715,2020-11-28,0.030000000000000027,0.030000000000000027,0.040000000000000036,,change_weekly,,0.040000000000000036
716,2020-11-21,0.019999999999999796,0.020000000000000018,0.07000000000000006,,change_weekly,,0.07000000000000006
717,2020-11-14,0.010000000000000009,0.010000000000000009,0.06000000000000005,,change_weekly,,0.06000000000000005
718,2020-11-07,-0.029999999999999805,-0.030000000000000027,-0.06000000000000005,,change_weekly,,-0.06000000000000005
719,2020-10-31,0.0,0.0,0.0,,change_weekly,,0.0
720,2020-10-24,-0.040000000000000036,-0.040000000000000036,0.0,,change_weekly,,0.0
721,2020-10-17,0.010000000000000009,0.010000000000000009,0.050000000000000044,,change_weekly,,0.050000000000000044
722,2020-10-10,-0.040000000000000036,-0.039999999999999813,-0.010000000000000009,,change_weekly,,-0.010000000000000009
723,2020-10-03,0.030000000000000027,0.029999999999999805,-0.010000000000000009,,change_weekly,,-0.010000000000000009
724,2020-09-26,0.050000000000000044,0.050000000000000044,0.040000000000000036,,change_weekly,,0.040000000000000036
725,2020-09-19,-0.030000000000000027,-0.030000000000000027,-0.050000000000000044,,change_weekly,,-0.050000000000000044
726,2020-09-12,-0.050000000000000044,-0.04999999999999982,-0.06000000000000005,,change_weekly,,-0.06000000000000005
727,2020-09-05,-0.010000000000000009,-0.010000000000000231,0.0,,change_weekly,,0.0
728,2020-08-29,0.010000000000000009,0.010000000000000231,-0.020000000000000018,,change_weekly,,-0.020000000000000018
729,2020-08-22,0.030000000000000027,0.029999999999999805,-0.020000000000000018,,change_weekly,,-0.020000000000000018
730,2020-08-15,0.050000000000000044,0.050000000000000044,0.030000000000000027,,change_weekly,,0.030000000000000027
731,2020-08-08,-0.050000000000000044,-0.050000000000000044,-0.040000000000000036,,change_weekly,,-0.040000000000000036
732,2020-08-01,0.0,0.0,0.010000000000000009,,change_weekly,,0.010000000000000009
733,2020-07-25,-0.040000000000000036,-0.040000000000000036,-0.050000000000000044,,change_weekly,,-0.050000000000000044
734,2020-07-18,0.0,0.0,0.0,,change_weekly,,0.0
735,2020-07-11,0.07000000000000006,0.07000000000000006,0.030000000000000027,,change_weekly,,0.030000000000000027
736,2020-07-04,-0.040000000000000036,-0.040000000000000036,-0.020000000000000018,,change_weekly,,-0.020000000000000018
737,2020-06-27,0.09999999999999987,0.10000000000000009,0.09000000000000008,,change_weekly,,0.09000000000000008
738,2020-06-20,0.030000000000000027,0.029999999999999805,0.040000000000000036,,change_weekly,,0.040000000000000036
739,2020-06-13,0.08000000000000007,0.08000000000000007,0.10000000000000009,,change_weekly,,0.10000000000000009
740,2020-06-06,0.050000000000000044,0.050000000000000044,0.019999999999999796,,change_weekly,,0.019999999999999796
741,2020-05-30,0.050000000000000044,0.050000000000000044,0.10000000000000009,,change_weekly,,0.10000000000000009
742,2020-05-23,0.06999999999999984,0.06999999999999984,0.06000000000000005,,change_weekly,,0.06000000000000005
743,2020-05-16,0.06000000000000005,0.06000000000000005,0.050000000000000044,,change_weekly,,0.050000000000000044
744,2020-05-09,0.0,0.0,0.0,,change_weekly,,0.0
745,2020-05-02,0.0,0.0,0.0,,change_weekly,,0.0
746,2020-04-25,0.0,0.0,-0.030000000000000027,,change_weekly,,-0.030000000000000027
747,2020-04-18,0.0,0.0,-0.030000000000000027,,change_weekly,,-0.030000000000000027
748,2020-04-11,-0.050000000000000044,-0.050000000000000044,-0.1200000000000001,,change_weekly,,-0.1200000000000001
749,2020-04-04,-0.07999999999999985,-0.07999999999999985,-0.09999999999999987,,change_weekly,,-0.09999999999999987
750,2020-03-28,-0.06000000000000005,-0.06000000000000005,-0.07000000000000006,,change_weekly,,-0.07000000000000006
751,2020-03-21,-0.3800000000000001,-0.3600000000000001,-0.1200000000000001,,change_weekly,,-0.1200000000000001
752,2020-03-14,-0.06999999999999984,-0.08999999999999986,-0.08999999999999986,,change_weekly,,-0.08999999999999986
753,2020-03-07,-0.19000000000000017,-0.20999999999999996,-0.16999999999999993,,change_weekly,,-0.16999999999999993
754,2020-02-29,0.0,0.020000000000000018,-0.010000000000000231,,change_weekly,,-0.010000000000000231
755,2020-02-22,0.020000000000000018,0.020000000000000018,0.0,,change_weekly,,0.0
756,2020-02-15,0.020000000000000018,0.020000000000000018,0.06000000000000005,,change_weekly,,0.06000000000000005
757,2020-02-08,-0.040000000000000036,-0.07000000000000028,-0.10000000000000009,,change_weekly,,-0.10000000000000009
758,2020-02-01,0.0,-0.08000000000000007,0.0,,change_weekly,,0.0
759,2020-01-25,0.0,-0.03999999999999959,0.0,,change_weekly,,0.0
760,2020-01-18,0.0,-0.0900000000000003,0.0,,change_weekly,,0.0
761,2020-01-11,0.0,-0.029999999999999805,0.0,,change_weekly,,0.0
762,2020-01-04,0.0,0.020000000000000018,0.0,,change_weekly,,0.0
763,2019-12-28,0.0,0.04999999999999982,0.0,,change_weekly,,0.0
764,2019-12-21,0.0,-0.06000000000000005,0.0,,change_weekly,,0.0
765,2019-12-14,0.0,0.0,0.0,,change_weekly,,0.0
766,2019-12-07,0.0,-0.020000000000000018,0.0,,change_weekly,,0.0
767,2019-11-30,0.0,0.0,0.0,,change_weekly,,0.0
768,2019-11-23,0.0,-0.040000000000000036,0.0,,change_weekly,,0.0
769,2019-11-16,0.0,0.13000000000000034,0.0,,change_weekly,,0.0
770,2019-11-09,0.0,0.009999999999999787,0.0,,change_weekly,,0.0
771,2019-11-02,0.0,-0.029999999999999805,0.0,,change_weekly,,0.0
772,2019-10-26,0.0,-0.0900000000000003,0.0,,change_weekly,,0.0
773,2019-10-19,0.0,0.010000000000000231,0.0,,change_weekly,,0.0
774,2019-10-12,0.0,0.06999999999999984,0.0,,change_weekly,,0.0
775,2019-10-05,0.0,-0.18999999999999995,0.0,,change_weekly,,0.0
776,2019-09-28,0.0,0.1200000000000001,0.0,,change_weekly,,0.0
777,2019-09-21,0.0,0.14000000000000012,0.0,,change_weekly,,0.0
778,2019-09-14,0.0,0.029999999999999805,0.0,,change_weekly,,0.0
779,2019-09-07,0.0,0.0,0.0,,change_weekly,,0.0
780,2019-08-31,0.0,-0.009999999999999787,0.0,,change_weekly,,0.0
781,2019-08-24,0.0,0.019999999999999574,0.0,,change_weekly,,0.0
782,2019-08-17,0.0,0.0,0.0,,change_weekly,,0.0
783,2019-08-10,0.0,-0.04999999999999982,0.0,,change_weekly,,0.0
784,2019-08-03,0.0,-0.020000000000000018,0.0,,change_weekly,,0.0
785,2019-07-27,0.0,-0.10999999999999988,0.0,,change_weekly,,0.0
786,2019-07-20,0.0,0.10000000000000009,0.0,,change_weekly,,0.0
787,2019-07-13,0.0,0.040000000000000036,0.0,,change_weekly,,0.0
788,2019-07-06,0.0,0.03999999999999959,0.0,,change_weekly,,0.0
789,2019-06-29,0.0,0.11000000000000032,0.0,,change_weekly,,0.0
790,2019-06-22,0.0,-0.03000000000000025,0.0,,change_weekly,,0.0
791,2019-06-15,0.0,-0.21999999999999975,0.0,,change_weekly,,0.0
792,2019-06-01,0.0,-0.1299999999999999,0.0,,change_weekly,,0.0
793,2019-05-25,0.0,0.07999999999999963,0.0,,change_weekly,,0.0
794,2019-05-18,0.0,-0.020000000000000018,0.0,,change_weekly,,0.0
795,2019-05-11,0.0,-0.09999999999999964,0.0,,change_weekly,,0.0
796,2019-05-04,0.0,-0.010000000000000231,0.0,,change_weekly,,0.0
797,2019-04-27,0.0,0.010000000000000231,0.0,,change_weekly,,0.0
798,2019-04-20,0.0,0.11999999999999966,0.0,,change_weekly,,0.0
799,2019-04-13,0.0,0.050000000000000266,0.0,,change_weekly,,0.0
800,2019-04-06,0.0,0.0,0.0,,change_weekly,,0.0
801,2019-03-30,0.0,0.020000000000000018,0.0,,change_weekly,,0.0
802,2019-03-23,0.0,0.06999999999999984,0.0,,change_weekly,,0.0
803,2019-03-16,0.0,0.08000000000000007,0.0,,change_weekly,,0.0
804,2019-03-09,0.0,0.029999999999999805,0.0,,change_weekly,,0.0
805,2019-03-02,0.0,0.050000000000000266,0.0,,change_weekly,,0.0
806,2019-02-23,0.10000000000000009,0.10000000000000009,0.0,,change_weekly,,0.0
807,2019-02-16,0.010000000000000009,0.009999999999999787,0.0,,change_weekly,,0.0
808,2019-02-09,0.040000000000000036,0.040000000000000036,0.0,,change_weekly,,0.0
809,2019-02-02,-0.050000000000000044,-0.04999999999999982,0.0,,change_weekly,,0.0
810,2019-01-26,0.0,0.0,0.010000000000000231,,change_weekly,,0.010000000000000231
811,2019-01-19,0.06000000000000005,0.05999999999999961,0.1200000000000001,,change_weekly,,0.1200000000000001
812,2019-01-12,-0.010000000000000009,-0.009999999999999787,0.009999999999999787,,change_weekly,,0.009999999999999787
813,2019-01-05,-0.27000000000000024,-0.27,-0.14000000000000012,,change_weekly,,-0.14000000000000012
814,2019-01-01,0.0,0.0,0.0,,change_weekly,,0.0
815,2018-12-01,0.0,-0.31000000000000005,0.0,,change_weekly,,0.0
816,2018-11-01,0.0,0.020000000000000018,0.0,,change_weekly,,0.0
817,2018-10-01,0.0,0.10000000000000009,0.0,,change_weekly,,0.0
818,2018-08-30,0.0,0.040000000000000036,0.0,,change_weekly,,0.0
819,2018-08-23,0.0,0.0,0.0,,change_weekly,,0.0
820,2018-08-16,0.0,0.040000000000000036,0.0,,change_weekly,,0.0
821,2018-08-09,0.0,-0.03000000000000025,0.0,,change_weekly,,0.0
822,2018-08-02,0.0,0.10000000000000009,0.0,,change_weekly,,0.0
823,2018-07-26,0.0,-0.020000000000000018,0.0,,change_weekly,,0.0
824,2018-07-19,0.0,-0.029999999999999805,0.0,,change_weekly,,0.0
825,2018-07-12,0.0,0.009999999999999787,0.0,,change_weekly,,0.0
826,2018-07-05,0.0,0.08000000000000007,0.0,,change_weekly,,0.0
827,2018-06-28,0.0,-0.08999999999999986,0.0,,change_weekly,,0.0
828,2018-06-21,0.0,-0.010000000000000231,0.0,,change_weekly,,0.0
829,2018-06-14,0.0,-0.06000000000000005,0.0,,change_weekly,,0.0
830,2018-06-07,0.0,0.18999999999999995,0.0,,change_weekly,,0.0
831,2018-05-10,0.0,0.0,0.0,,change_weekly,,0.0
832,2018-05-03,0.0,0.0,0.0,,change_weekly,,0.0
833,2018-04-26,0.0,0.0,0.0,,change_weekly,,0.0
834,2018-04-19,0.0,0.0,0.0,,change_weekly,,0.0
835,2018-04-12,0.0,0.0,0.0,,change_weekly,,0.0
836,2018-04-05,0.0,0.0,0.0,,change_weekly,,0.0
837,2018-03-29,0.0,0.0,0.0,,change_weekly,,0.0
838,2018-03-22,0.020000000000000018,0.020000000000000018,0.020000000000000018,,change_weekly,,0.020000000000000018
839,2018-03-15,-0.029999999999999805,-0.020000000000000018,-0.009999999999999787,,change_weekly,,-0.009999999999999787
840,2018-03-08,0.009999999999999787,0.0,-0.010000000000000231,,change_weekly,,-0.010000000000000231
841,2018-03-01,0.03000000000000025,0.040000000000000036,0.050000000000000266,,change_weekly,,0.050000000000000266
842,2018-02-22,-0.06000000000000005,-0.06999999999999984,-0.06000000000000005,,change_weekly,,-0.06000000000000005
843,2018-02-15,-0.10000000000000009,-0.10999999999999988,-0.1200000000000001,,change_weekly,,-0.1200000000000001
844,2018-02-08,0.020000000000000018,0.029999999999999805,-0.029999999999999805,,change_weekly,,-0.029999999999999805
845,2018-02-01,0.020000000000000018,0.020000000000000018,0.029999999999999805,,change_weekly,,0.029999999999999805
846,2018-01-25,-0.009999999999999787,-0.009999999999999787,-0.009999999999999787,,change_weekly,,-0.009999999999999787
847,2018-01-18,0.040000000000000036,0.040000000000000036,0.0,,change_weekly,,0.0
848,2018-01-11,-0.03000000000000025,-0.03000000000000025,0.0,,change_weekly,,0.0
849,2018-01-04,0.03000000000000025,0.03000000000000025,0.06000000000000005,,change_weekly,,0.06000000000000005
850,2017-12-28,-0.010000000000000231,-0.010000000000000231,0.029999999999999805,,change_weekly,,0.029999999999999805
851,2017-12-21,0.020000000000000018,0.020000000000000018,0.029999999999999805,,change_weekly,,0.029999999999999805
852,2017-12-14,-0.040000000000000036,-0.04999999999999982,-0.009999999999999787,,change_weekly,,-0.009999999999999787
853,2017-12-07,-0.009999999999999787,-0.010000000000000231,-0.040000000000000036,,change_weekly,,-0.040000000000000036
854,2017-11-30,0.0,0.0,0.020000000000000018,,change_weekly,,0.020000000000000018
855,2017-11-23,-0.08000000000000007,-0.08000000000000007,-0.020000000000000018,,change_weekly,,-0.020000000000000018
856,2017-11-16,0.06999999999999984,0.06000000000000005,0.04999999999999982,,change_weekly,,0.04999999999999982
857,2017-11-09,0.06999999999999984,0.06000000000000005,0.03000000000000025,,change_weekly,,0.03000000000000025
858,2017-11-02,0.040000000000000036,0.040000000000000036,0.040000000000000036,,change_weekly,,0.040000000000000036
859,2017-10-26,0.03000000000000025,0.029999999999999805,0.020000000000000018,,change_weekly,,0.020000000000000018
860,2017-10-19,0.009999999999999787,0.010000000000000231,0.009999999999999787,,change_weekly,,0.009999999999999787
861,2017-10-12,-0.029999999999999805,-0.03000000000000025,-0.06999999999999984,,change_weekly,,-0.06999999999999984
862,2017-10-05,0.029999999999999805,0.03000000000000025,0.04999999999999982,,change_weekly,,0.04999999999999982
863,2017-09-28,-0.029999999999999805,-0.03000000000000025,0.020000000000000018,,change_weekly,,0.020000000000000018
864,2017-09-21,-0.020000000000000018,-0.029999999999999805,-0.040000000000000036,,change_weekly,,-0.040000000000000036
865,2017-09-14,0.009999999999999787,0.040000000000000036,0.0900000000000003,,change_weekly,,0.0900000000000003
866,2017-09-07,0.040000000000000036,0.040000000000000036,0.009999999999999787,,change_weekly,,0.009999999999999787
867,2017-08-31,0.010000000000000231,0.009999999999999787,0.03000000000000025,,change_weekly,,0.03000000000000025
868,2017-08-24,0.0,0.0,-0.03000000000000025,,change_weekly,,-0.03000000000000025
869,2017-08-17,0.029999999999999805,0.040000000000000036,-0.020000000000000018,,change_weekly,,-0.020000000000000018
870,2017-08-10,0.050000000000000266,0.07000000000000028,0.010000000000000231,,change_weekly,,0.010000000000000231
871,2017-08-03,0.040000000000000036,0.040000000000000036,0.05999999999999983,,change_weekly,,0.05999999999999983
872,2017-07-27,0.05999999999999983,0.05999999999999961,0.030000000000000027,,change_weekly,,0.030000000000000027
873,2017-07-20,0.0,0.0,0.0,,change_weekly,,0.0
874,2017-07-13,0.040000000000000036,0.03000000000000025,0.050000000000000044,,change_weekly,,0.050000000000000044
875,2017-07-06,0.040000000000000036,0.040000000000000036,0.06999999999999984,,change_weekly,,0.06999999999999984
876,2017-06-29,-0.020000000000000018,-0.020000000000000018,-0.039999999999999813,,change_weekly,,-0.039999999999999813
877,2017-06-22,-0.07000000000000006,-0.07000000000000028,0.0,,change_weekly,,0.0
878,2017-06-15,-0.06999999999999984,-0.06999999999999984,-0.06000000000000005,,change_weekly,,-0.06000000000000005
879,2017-06-08,-0.050000000000000266,-0.06999999999999984,-0.08000000000000007,,change_weekly,,-0.08000000000000007
880,2017-06-01,-0.020000000000000018,-0.020000000000000018,-0.009999999999999787,,change_weekly,,-0.009999999999999787
881,2017-05-25,0.040000000000000036,0.040000000000000036,0.039999999999999813,,change_weekly,,0.039999999999999813
882,2017-05-18,0.07000000000000028,0.06999999999999984,0.040000000000000036,,change_weekly,,0.040000000000000036
883,2017-05-11,-0.10000000000000009,-0.10000000000000009,-0.13000000000000012,,change_weekly,,-0.13000000000000012
884,2017-05-04,-0.10000000000000009,-0.10000000000000009,-0.06000000000000005,,change_weekly,,-0.06000000000000005
885,2017-04-27,-0.06000000000000005,-0.04999999999999982,-0.06999999999999984,,change_weekly,,-0.06999999999999984
886,2017-04-20,0.029999999999999805,0.020000000000000018,0.04999999999999982,,change_weekly,,0.04999999999999982
887,2017-04-13,0.08000000000000007,0.08999999999999986,0.08000000000000007,,change_weekly,,0.08000000000000007
888,2017-04-06,0.03000000000000025,0.020000000000000018,-0.029999999999999805,,change_weekly,,-0.029999999999999805
