Date,USD
30/01/2026,3.941
29/01/2026,3.933
28/01/2026,3.9205
27/01/2026,3.9575
26/01/2026,3.9695
23/01/2026,4.013
22/01/2026,4.045
21/01/2026,4.056
20/01/2026,4.0525
19/01/2026,4.054
16/01/2026,4.0605
15/01/2026,4.049
14/01/2026,4.0545
13/01/2026,4.056
12/1/2026,4.0665
9/1/2026,4.064
8/1/2026,4.0625
7/1/2026,4.0505
6/1/2026,4.0555
5/1/2026,4.076
2/1/2026,4.0575
31/12/2025,4.057
30/12/2025,4.0535
29/12/2025,4.054
26/12/2025,4.037
24/12/2025,4.058
23/12/2025,4.0675
22/12/2025,4.079
19/12/2025,4.0835
18/12/2025,4.0885
17/12/2025,4.0855
16/12/2025,4.085
15/12/2025,4.0895
12/12/2025,4.101
11/12/2025,4.107
10/12/2025,4.121
9/12/2025,4.118
8/12/2025,4.108
5/12/2025,4.115
4/12/2025,4.1175
3/12/2025,4.1295
2/12/2025,4.1325
1/12/2025,4.134
28/11/2025,4.129
27/11/2025,4.131
26/11/2025,4.1325
25/11/2025,4.132
24/11/2025,4.1415
21/11/2025,4.144
20/11/2025,4.1645
19/11/2025,4.148
18/11/2025,4.1765
17/11/2025,4.1505
14/11/2025,4.1325
13/11/2025,4.131
12/11/2025,4.1305
11/11/2025,4.1515
10/11/2025,4.167
7/11/2025,4.176
6/11/2025,4.1825
5/11/2025,4.1945
4/11/2025,4.2045
3/11/2025,4.1975
31/10/2025,4.192
30/10/2025,4.1975
29/10/2025,4.1905
28/10/2025,4.201
27/10/2025,4.214
24/10/2025,4.2265
23/10/2025,4.23
22/10/2025,4.2295
21/10/2025,4.226
17/10/2025,4.226
16/10/2025,4.2275
15/10/2025,4.2245
14/10/2025,4.2255
13/10/2025,4.224
10/10/2025,4.2215
9/10/2025,4.2145
8/10/2025,4.2195
7/10/2025,4.214
6/10/2025,4.214
3/10/2025,4.2145
2/10/2025,4.2055
1/10/2025,4.213
30/09/2025,4.215
29/09/2025,4.2115
26/09/2025,4.22
25/09/2025,4.2125
24/09/2025,4.2005
23/09/2025,4.1975
22/09/2025,4.21
19/09/2025,4.206
18/09/2025,4.1955
17/09/2025,4.1915
12/9/2025,4.2105
11/9/2025,4.2205
10/9/2025,4.2125
9/9/2025,4.2105
8/9/2025,4.222
4/9/2025,4.229
3/9/2025,4.2305
2/9/2025,4.231
29/08/2025,4.218
28/08/2025,4.2275
27/08/2025,4.2275
26/08/2025,4.215
25/08/2025,4.2
22/08/2025,4.2305
21/08/2025,4.2225
20/08/2025,4.226
19/08/2025,4.226
18/08/2025,4.2235
15/08/2025,4.218
14/08/2025,4.1975
13/08/2025,4.222
12/8/2025,4.233
11/8/2025,4.2355
8/8/2025,4.2355
7/8/2025,4.2295
6/8/2025,4.2275
5/8/2025,4.2305
4/8/2025,4.2355
1/8/2025,4.2775
31/07/2025,4.254
30/07/2025,4.235
29/07/2025,4.2425
28/07/2025,4.2205
25/07/2025,4.219
24/07/2025,4.217
23/07/2025,4.2255
22/07/2025,4.232
21/07/2025,4.2395
18/07/2025,4.245
17/07/2025,4.247
16/07/2025,4.252
15/07/2025,4.254
14/07/2025,4.255
11/7/2025,4.256
10/7/2025,4.2525
9/7/2025,4.254
8/7/2025,4.2385
7/7/2025,4.234
4/7/2025,4.229
3/7/2025,4.224
2/7/2025,4.2165
1/7/2025,4.1925
30/06/2025,4.217
26/06/2025,4.225
25/06/2025,4.2385
24/06/2025,4.254
23/06/2025,4.281
20/06/2025,4.254
19/06/2025,4.2595
18/06/2025,4.248
17/06/2025,4.2395
16/06/2025,4.246
13/06/2025,4.2435
12/6/2025,4.2255
11/6/2025,4.2405
10/6/2025,4.2345
9/6/2025,4.2385
6/6/2025,4.228
5/6/2025,4.2425
4/6/2025,4.25
3/6/2025,4.25
30/05/2025,4.239
29/05/2025,4.241
28/05/2025,4.25
27/05/2025,4.21
26/05/2025,4.2065
23/05/2025,4.2535
22/05/2025,4.259
21/05/2025,4.271
20/05/2025,4.285
19/05/2025,4.311
16/05/2025,4.2675
15/05/2025,4.286
14/05/2025,4.3145
13/05/2025,4.3275
9/5/2025,4.3185
8/5/2025,4.267
7/5/2025,4.2355
6/5/2025,4.232
5/5/2025,4.2
2/5/2025,4.296
30/04/2025,4.3175
29/04/2025,4.334
28/04/2025,4.374
25/04/2025,4.374
24/04/2025,4.3905
23/04/2025,4.408
22/04/2025,4.378
21/04/2025,4.386
18/04/2025,4.409
17/04/2025,4.412
16/04/2025,4.416
15/04/2025,4.4115
14/04/2025,4.423
11/4/2025,4.438
10/4/2025,4.4765
9/4/2025,4.502
8/4/2025,4.4835
7/4/2025,4.4675
4/4/2025,4.418
3/4/2025,4.465
2/4/2025,4.4475
28/03/2025,4.433
27/03/2025,4.432
26/03/2025,4.4245
25/03/2025,4.4395
24/03/2025,4.4335
21/03/2025,4.423
20/03/2025,4.426
19/03/2025,4.4305
17/03/2025,4.4455
14/03/2025,4.445
13/03/2025,4.428
12/3/2025,4.433
11/3/2025,4.4325
10/3/2025,4.419
7/3/2025,4.4295
6/3/2025,4.4275
5/3/2025,4.4475
4/3/2025,4.468
3/3/2025,4.4635
28/02/2025,4.4655
27/02/2025,4.446
26/02/2025,4.4225
25/02/2025,4.4135
24/02/2025,4.3985
21/02/2025,4.4175
20/02/2025,4.4275
19/02/2025,4.442
18/02/2025,4.446
17/02/2025,4.4295
14/02/2025,4.4425
13/02/2025,4.4605
12/2/2025,4.465
10/2/2025,4.468
7/2/2025,4.441
6/2/2025,4.4275
5/2/2025,4.43
4/2/2025,4.457
3/2/2025,4.495
31/01/2025,4.42
28/01/2025,4.403
27/01/2025,4.3725
24/01/2025,4.415
23/01/2025,4.444
22/01/2025,4.447
21/01/2025,4.4745
20/01/2025,4.5005
17/01/2025,4.5015
16/01/2025,4.4975
15/01/2025,4.506
14/01/2025,4.5015
13/01/2025,4.509
10/1/2025,4.4935
9/1/2025,4.4995
8/1/2025,4.4995
7/1/2025,4.51
6/1/2025,4.513
3/1/2025,4.495
2/1/2025,4.4775
31/12/2024,4.47
30/12/2024,4.469
27/12/2024,4.477
26/12/2024,4.4685
24/12/2024,4.489
23/12/2024,4.489
20/12/2024,4.5125
19/12/2024,4.502
18/12/2024,4.4675
17/12/2024,4.448
16/12/2024,4.4603
13/12/2024,4.453
12/12/2024,4.434
11/12/2024,4.426
10/12/2024,4.428
9/12/2024,4.4225
6/12/2024,4.4195
5/12/2024,4.4325
4/12/2024,4.467
3/12/2024,4.4705
2/12/2024,4.4625
29/11/2024,4.4395
28/11/2024,4.444
27/11/2024,4.4515
26/11/2024,4.4655
25/11/2024,4.4535
22/11/2024,4.4675
21/11/2024,4.466
20/11/2024,4.469
19/11/2024,4.4645
18/11/2024,4.468
15/11/2024,4.479
14/11/2024,4.487
13/11/2024,4.454
12/11/2024,4.4265
11/11/2024,4.4025
8/11/2024,4.3815
7/11/2024,4.4125
6/11/2024,4.402
5/11/2024,4.3695
4/11/2024,4.363
1/11/2024,4.381
30/10/2024,4.395
29/10/2024,4.3705
28/10/2024,4.3595
25/10/2024,4.35
24/10/2024,4.3525
23/10/2024,4.3405
22/10/2024,4.3225
21/10/2024,4.3005
18/10/2024,4.3065
17/10/2024,4.307
16/10/2024,4.2945
15/10/2024,4.305
14/10/2024,4.2935
11/10/2024,4.287
10/10/2024,4.292
9/10/2024,4.284
8/10/2024,4.2875
7/10/2024,4.2725
4/10/2024,4.233
3/10/2024,4.215
2/10/2024,4.1625
1/10/2024,4.1675
30/09/2024,4.1075
27/09/2024,4.1225
26/09/2024,4.1355
25/09/2024,4.1225
24/09/2024,4.173
23/09/2024,4.2125
20/09/2024,4.1815
19/09/2024,4.253
18/09/2024,4.243
17/09/2024,4.281
13/09/2024,4.3175
12/9/2024,4.3335
11/9/2024,4.337
10/9/2024,4.36
9/9/2024,4.3475
6/9/2024,4.3325
5/9/2024,4.333
4/9/2024,4.3475
3/9/2024,4.379
2/9/2024,4.333
30/08/2024,4.3155
29/08/2024,4.3255
28/08/2024,4.3435
27/08/2024,4.355
26/08/2024,4.347
23/08/2024,4.38
22/08/2024,4.3825
21/08/2024,4.377
20/08/2024,4.3745
19/08/2024,4.3715
16/08/2024,4.438
15/08/2024,4.439
14/08/2024,4.431
13/08/2024,4.453
12/8/2024,4.446
9/8/2024,4.4635
8/8/2024,4.4615
7/8/2024,4.506
6/8/2024,4.4675
5/8/2024,4.4075
2/8/2024,4.539
1/8/2024,4.5595
31/07/2024,4.606
30/07/2024,4.6295
29/07/2024,4.64
26/07/2024,4.6625
25/07/2024,4.6693
24/07/2024,4.6735
23/07/2024,4.6715
22/07/2024,4.6835
19/07/2024,4.6775
18/07/2024,4.6655
17/07/2024,4.674
16/07/2024,4.678
15/07/2024,4.6725
12/7/2024,4.6715
11/7/2024,4.688
10/7/2024,4.705
9/7/2024,4.711
5/7/2024,4.7075
4/7/2024,4.712
3/7/2024,4.72
2/7/2024,4.719
1/7/2024,4.7145
28/06/2024,4.7195
27/06/2024,4.719
26/06/2024,4.71
25/06/2024,4.708
24/06/2024,4.7125
21/06/2024,4.715
20/06/2024,4.711
19/06/2024,4.708
18/06/2024,4.7145
14/06/2024,4.713
13/06/2024,4.708
12/6/2024,4.718
11/6/2024,4.7235
10/6/2024,4.7165
7/6/2024,4.6955
6/6/2024,4.696
5/6/2024,4.6995
4/6/2024,4.694
31/05/2024,4.704
30/05/2024,4.709
29/05/2024,4.702
28/05/2024,4.6915
27/05/2024,4.7055
24/05/2024,4.719
23/05/2024,4.7155
21/05/2024,4.6915
20/05/2024,4.686
17/05/2024,4.685
16/05/2024,4.682
15/05/2024,4.702
14/05/2024,4.728
13/05/2024,4.7465
10/5/2024,4.7393
9/5/2024,4.742
8/5/2024,4.7465
7/5/2024,4.7425
6/5/2024,4.7415
3/5/2024,4.7395
2/5/2024,4.766
30/04/2024,4.7675
29/04/2024,4.7735
26/04/2024,4.7775
25/04/2024,4.7835
24/04/2024,4.7755
23/04/2024,4.779
22/04/2024,4.784
19/04/2024,4.7815
18/04/2024,4.776
17/04/2024,4.7935
16/04/2024,4.793
15/04/2024,4.7775
12/4/2024,4.7685
9/4/2024,4.7505
8/4/2024,4.753
5/4/2024,4.746
4/4/2024,4.74
3/4/2024,4.75
2/4/2024,4.749
1/4/2024,4.7235
29/03/2024,4.7285
27/03/2024,4.7295
26/03/2024,4.722
25/03/2024,4.7285
22/03/2024,4.7405
21/03/2024,4.702
20/03/2024,4.74
19/03/2024,4.728
18/03/2024,4.7165
15/03/2024,4.7025
14/03/2024,4.688
13/03/2024,4.6845
12/3/2024,4.6825
11/3/2024,4.6845
8/3/2024,4.6925
7/3/2024,4.7115
6/3/2024,4.731
5/3/2024,4.7265
4/3/2024,4.7285
1/3/2024,4.7385
29/02/2024,4.763
28/02/2024,4.761
27/02/2024,4.779
26/02/2024,4.7765
23/02/2024,4.777
22/02/2024,4.7925
21/02/2024,4.792
20/02/2024,4.792
19/02/2024,4.782
16/02/2024,4.7795
15/02/2024,4.7785
14/02/2024,4.7835
13/02/2024,4.766
9/2/2024,4.7725
8/2/2024,4.7645
7/2/2024,4.7665
6/2/2024,4.762
5/2/2024,4.756
2/2/2024,4.7295
31/01/2024,4.7305
30/01/2024,4.7285
29/01/2024,4.7315
26/01/2024,4.727
24/01/2024,4.734
23/01/2024,4.732
22/01/2024,4.7255
19/01/2024,4.714
18/01/2024,4.717
17/01/2024,4.7155
16/01/2024,4.6835
15/01/2024,4.6495
12/1/2024,4.6435
11/1/2024,4.642
10/1/2024,4.649
9/1/2024,4.6435
8/1/2024,4.65
5/1/2024,4.6505
4/1/2024,4.639
3/1/2024,4.6335
2/1/2024,4.6025
29/12/2023,4.5915
28/12/2023,4.617
27/12/2023,4.633
26/12/2023,4.6175
22/12/2023,4.6345
21/12/2023,4.6505
20/12/2023,4.6525
19/12/2023,4.679
18/12/2023,4.6845
15/12/2023,4.6655
14/12/2023,4.6615
13/12/2023,4.705
12/12/2023,4.6845
11/12/2023,4.6815
8/12/2023,4.666
7/12/2023,4.677
6/12/2023,4.673
5/12/2023,4.6665
4/12/2023,4.661
1/12/2023,4.6775
30/11/2023,4.653
29/11/2023,4.6475
28/11/2023,4.6725
27/11/2023,4.6805
24/11/2023,4.685
23/11/2023,4.6865
22/11/2023,4.6668
21/11/2023,4.6475
20/11/2023,4.664
17/11/2023,4.6835
16/11/2023,4.7105
15/11/2023,4.659
14/11/2023,4.72
10/11/2023,4.7215
9/11/2023,4.684
8/11/2023,4.67
7/11/2023,4.6605
6/11/2023,4.6665
3/11/2023,4.7395
2/11/2023,4.7525
1/11/2023,4.7735
31/10/2023,4.766
30/10/2023,4.757
27/10/2023,4.7755
26/10/2023,4.7875
25/10/2023,4.776
24/10/2023,4.7795
23/10/2023,4.78
20/10/2023,4.775
19/10/2023,4.762
18/10/2023,4.7405
17/10/2023,4.732
16/10/2023,4.739
13/10/2023,4.7335
12/10/2023,4.7215
11/10/2023,4.7265
10/10/2023,4.7345
9/10/2023,4.724
6/10/2023,4.7195
5/10/2023,4.721
4/10/2023,4.735
3/10/2023,4.725
2/10/2023,4.7045
29/09/2023,4.69
27/09/2023,4.7065
26/09/2023,4.692
25/09/2023,4.684
22/09/2023,4.6875
21/09/2023,4.6845
20/09/2023,4.6945
19/09/2023,4.694
18/09/2023,4.6858
15/09/2023,4.6785
14/09/2023,4.6813
13/09/2023,4.6805
12/9/2023,4.675
11/9/2023,4.677
8/9/2023,4.676
7/9/2023,4.6745
6/9/2023,4.671
5/9/2023,4.6605
4/9/2023,4.655
1/9/2023,4.641
30/08/2023,4.638
29/08/2023,4.647
28/08/2023,4.652
25/08/2023,4.6515
24/08/2023,4.6415
23/08/2023,4.6535
22/08/2023,4.649
21/08/2023,4.6525
18/08/2023,4.642
17/08/2023,4.6465
16/08/2023,4.642
15/08/2023,4.629
14/08/2023,4.613
11/8/2023,4.5805
10/8/2023,4.5735
9/8/2023,4.5795
8/8/2023,4.5735
7/8/2023,4.554
4/8/2023,4.548
3/8/2023,4.5545
2/8/2023,4.5395
1/8/2023,4.516
31/07/2023,4.5405
28/07/2023,4.5463
27/07/2023,4.5295
26/07/2023,4.5605
25/07/2023,4.5663
24/07/2023,4.575
21/07/2023,4.5525
20/07/2023,4.5485
18/07/2023,4.5355
17/07/2023,4.555
14/07/2023,4.52
13/07/2023,4.6075
12/7/2023,4.649
11/7/2023,4.661
10/7/2023,4.668
7/7/2023,4.671
6/7/2023,4.659
5/7/2023,4.6465
4/7/2023,4.664
3/7/2023,4.6675
30/06/2023,4.679
28/06/2023,4.667
27/06/2023,4.664
26/06/2023,4.6845
23/06/2023,4.676
22/06/2023,4.6515
21/06/2023,4.649
20/06/2023,4.6375
19/06/2023,4.614
16/06/2023,4.618
15/06/2023,4.6355
14/06/2023,4.6195
13/06/2023,4.6205
12/6/2023,4.618
9/6/2023,4.612
8/6/2023,4.618
7/6/2023,4.606
6/6/2023,4.5985
2/6/2023,4.591
1/6/2023,4.612
31/05/2023,4.6165
30/05/2023,4.6125
29/05/2023,4.6035
26/05/2023,4.6345
25/05/2023,4.6195
24/05/2023,4.584
23/05/2023,4.55
22/05/2023,4.5385
19/05/2023,4.553
18/05/2023,4.5255
17/05/2023,4.5195
16/05/2023,4.4988
15/05/2023,4.4995
12/5/2023,4.479
11/5/2023,4.455
10/5/2023,4.4535
9/5/2023,4.441
8/5/2023,4.435
5/5/2023,4.438
3/5/2023,4.458
2/5/2023,4.461
28/04/2023,4.4585
27/04/2023,4.458
26/04/2023,4.461
25/04/2023,4.4415
20/04/2023,4.438
19/04/2023,4.4315
18/04/2023,4.438
17/04/2023,4.419
14/04/2023,4.3885
13/04/2023,4.402
12/4/2023,4.4155
11/4/2023,4.416
10/4/2023,4.408
7/4/2023,4.4025
6/4/2023,4.4045
5/4/2023,4.396
4/4/2023,4.4075
3/4/2023,4.4225
31/03/2023,4.409
30/03/2023,4.424
29/03/2023,4.4008
28/03/2023,4.397
27/03/2023,4.4295
24/03/2023,4.4265
23/03/2023,4.4285
22/03/2023,4.472
21/03/2023,4.4775
20/03/2023,4.4805
17/03/2023,4.4825
16/03/2023,4.508
15/03/2023,4.471
14/03/2023,4.48
13/03/2023,4.484
10/3/2023,4.518
9/3/2023,4.5245
8/3/2023,4.5225
7/3/2023,4.477
6/3/2023,4.464
3/3/2023,4.4785
2/3/2023,4.4765
1/3/2023,4.486
28/02/2023,4.4835
27/02/2023,4.4725
24/02/2023,4.4335
23/02/2023,4.434
22/02/2023,4.4365
21/02/2023,4.432
20/02/2023,4.432
17/02/2023,4.4295
16/02/2023,4.4025
15/02/2023,4.384
14/02/2023,4.3495
13/02/2023,4.3595
10/2/2023,4.3305
9/2/2023,4.306
8/2/2023,4.2985
7/2/2023,4.2945
3/2/2023,4.267
2/2/2023,4.241
31/01/2023,4.2475
30/01/2023,4.2375
27/01/2023,4.2295
26/01/2023,4.2505
25/01/2023,4.273
20/01/2023,4.294
19/01/2023,4.317
18/01/2023,4.3365
17/01/2023,4.3285
16/01/2023,4.312
13/01/2023,4.34
12/1/2023,4.3675
11/1/2023,4.375
10/1/2023,4.375
9/1/2023,4.3765
6/1/2023,4.3955
5/1/2023,4.401
4/1/2023,4.4045
3/1/2023,4.39
30/12/2022,4.413
29/12/2022,4.419
28/12/2022,4.432
27/12/2022,4.421
23/12/2022,4.4285
22/12/2022,4.429
21/12/2022,4.4395
20/12/2022,4.435
19/12/2022,4.4205
16/12/2022,4.424
15/12/2022,4.4075
14/12/2022,4.415
13/12/2022,4.4345
12/12/2022,4.4185
9/12/2022,4.3988
8/12/2022,4.406
7/12/2022,4.4055
6/12/2022,4.3805
5/12/2022,4.367
2/12/2022,4.3965
1/12/2022,4.4075
30/11/2022,4.475
29/11/2022,4.506
25/11/2022,4.46
24/11/2022,4.5225
23/11/2022,4.574
22/11/2022,4.577
21/11/2022,4.5595
17/11/2022,4.55
16/11/2022,4.54
15/11/2022,4.5898
14/11/2022,4.586
11/11/2022,4.642
10/11/2022,4.7058
9/11/2022,4.718
8/11/2022,4.7425
7/11/2022,4.744
4/11/2022,4.7465
3/11/2022,4.746
2/11/2022,4.741
1/11/2022,4.731
31/10/2022,4.7265
28/10/2022,4.7215
27/10/2022,4.7125
26/10/2022,4.726
25/10/2022,4.741
21/10/2022,4.7375
20/10/2022,4.7285
19/10/2022,4.721
18/10/2022,4.718
17/10/2022,4.717
14/10/2022,4.698
13/10/2022,4.688
12/10/2022,4.685
11/10/2022,4.672
7/10/2022,4.651
6/10/2022,4.6305
5/10/2022,4.638
4/10/2022,4.645
3/10/2022,4.6495
30/09/2022,4.641
29/09/2022,4.646
28/09/2022,4.619
27/09/2022,4.6115
26/09/2022,4.598
23/09/2022,4.57
22/09/2022,4.5695
21/09/2022,4.566
20/09/2022,4.554
19/09/2022,4.5455
15/09/2022,4.5325
14/09/2022,4.526
13/09/2022,4.5075
12/9/2022,4.504
9/9/2022,4.4965
8/9/2022,4.5
7/9/2022,4.5035
6/9/2022,4.4915
5/9/2022,4.487
2/9/2022,4.484
1/9/2022,4.4825
30/08/2022,4.4845
29/08/2022,4.488
26/08/2022,4.4743
25/08/2022,4.4785
24/08/2022,4.4875
23/08/2022,4.4875
22/08/2022,4.482
19/08/2022,4.4778
18/08/2022,4.472
17/08/2022,4.4655
16/08/2022,4.4638
15/08/2022,4.4525
12/8/2022,4.4405
11/8/2022,4.447
10/8/2022,4.457
9/8/2022,4.4558
8/8/2022,4.461
5/8/2022,4.4545
4/8/2022,4.4543
3/8/2022,4.457
2/8/2022,4.4565
1/8/2022,4.4515
29/07/2022,4.4485
28/07/2022,4.455
27/07/2022,4.46
26/07/2022,4.457
25/07/2022,4.4555
22/07/2022,4.453
21/07/2022,4.4565
20/07/2022,4.449
19/07/2022,4.457
18/07/2022,4.4493
15/07/2022,4.4495
14/07/2022,4.4415
13/07/2022,4.4315
12/7/2022,4.4365
8/7/2022,4.4255
7/7/2022,4.426
6/7/2022,4.425
5/7/2022,4.417
4/7/2022,4.412
1/7/2022,4.409
30/06/2022,4.4055
29/06/2022,4.4
28/06/2022,4.3988
27/06/2022,4.406
24/06/2022,4.406
23/06/2022,4.406
22/06/2022,4.402
21/06/2022,4.399
20/06/2022,4.4015
17/06/2022,4.402
16/06/2022,4.3993
15/06/2022,4.4193
14/06/2022,4.424
13/06/2022,4.415
10/6/2022,4.399
9/6/2022,4.392
8/6/2022,4.3925
7/6/2022,4.397
3/6/2022,4.386
2/6/2022,4.393
1/6/2022,4.387
31/05/2022,4.3755
30/05/2022,4.3705
27/05/2022,4.3825
26/05/2022,4.3975
25/05/2022,4.3925
24/05/2022,4.3905
23/05/2022,4.3885
20/05/2022,4.3975
19/05/2022,4.4023
18/05/2022,4.3945
17/05/2022,4.395
13/05/2022,4.397
12/5/2022,4.3865
11/5/2022,4.3835
10/5/2022,4.377
9/5/2022,4.3795
6/5/2022,4.3725
5/5/2022,4.3365
29/04/2022,4.359
28/04/2022,4.3615
27/04/2022,4.3565
26/04/2022,4.348
25/04/2022,4.3475
22/04/2022,4.3075
21/04/2022,4.287
20/04/2022,4.266
18/04/2022,4.2483
15/04/2022,4.2345
14/04/2022,4.2285
13/04/2022,4.2265
12/4/2022,4.233
11/4/2022,4.2268
8/4/2022,4.2205
7/4/2022,4.2183
6/4/2022,4.218
5/4/2022,4.2175
4/4/2022,4.2185
1/4/2022,4.209
31/03/2022,4.204
30/03/2022,4.205
29/03/2022,4.222
28/03/2022,4.214
25/03/2022,4.222
24/03/2022,4.227
23/03/2022,4.2195
22/03/2022,4.2135
21/03/2022,4.2
18/03/2022,4.203
17/03/2022,4.19
16/03/2022,4.1995
15/03/2022,4.2078
14/03/2022,4.2055
11/3/2022,4.1925
10/3/2022,4.184
9/3/2022,4.182
8/3/2022,4.1803
7/3/2022,4.179
4/3/2022,4.1853
3/3/2022,4.1905
2/3/2022,4.192
1/3/2022,4.195
28/02/2022,4.201
25/02/2022,4.198
24/02/2022,4.196
23/02/2022,4.1845
22/02/2022,4.1845
21/02/2022,4.1865
18/02/2022,4.1845
17/02/2022,4.185
16/02/2022,4.189
15/02/2022,4.1865
14/02/2022,4.192
11/2/2022,4.1883
10/2/2022,4.185
9/2/2022,4.185
8/2/2022,4.1865
7/2/2022,4.1858
4/2/2022,4.1795
3/2/2022,4.1815
31/01/2022,4.189
28/01/2022,4.192
27/01/2022,4.203
26/01/2022,4.1905
25/01/2022,4.188
24/01/2022,4.1835
21/01/2022,4.1865
20/01/2022,4.1855
19/01/2022,4.1925
17/01/2022,4.1845
14/01/2022,4.1785
13/01/2022,4.1795
12/1/2022,4.1825
11/1/2022,4.1928
10/1/2022,4.2013
7/1/2022,4.2025
6/1/2022,4.202
5/1/2022,4.1905
4/1/2022,4.1815
3/1/2022,4.171
31/12/2021,4.176
30/12/2021,4.1705
29/12/2021,4.1815
28/12/2021,4.1835
27/12/2021,4.1865
24/12/2021,4.201
23/12/2021,4.206
22/12/2021,4.21
21/12/2021,4.2115
20/12/2021,4.226
17/12/2021,4.2105
16/12/2021,4.231
15/12/2021,4.233
14/12/2021,4.2335
13/12/2021,4.2085
10/12/2021,4.2175
9/12/2021,4.211
8/12/2021,4.2195
7/12/2021,4.2315
6/12/2021,4.224
3/12/2021,4.2285
2/12/2021,4.2265
1/12/2021,4.205
30/11/2021,4.2265
29/11/2021,4.2395
26/11/2021,4.2425
25/11/2021,4.2275
24/11/2021,4.21
23/11/2021,4.1905
22/11/2021,4.188
19/11/2021,4.183
18/11/2021,4.1798
17/11/2021,4.1795
16/11/2021,4.161
15/11/2021,4.1585
12/11/2021,4.1678
11/11/2021,4.1625
10/11/2021,4.1513
9/11/2021,4.152
8/11/2021,4.1555
5/11/2021,4.1595
3/11/2021,4.1535
2/11/2021,4.149
1/11/2021,4.1465
29/10/2021,4.144
28/10/2021,4.153
27/10/2021,4.149
26/10/2021,4.147
25/10/2021,4.1495
22/10/2021,4.158
21/10/2021,4.1565
20/10/2021,4.1555
18/10/2021,4.164
15/10/2021,4.158
14/10/2021,4.1563
13/10/2021,4.1585
12/10/2021,4.172
11/10/2021,4.168
8/10/2021,4.182
7/10/2021,4.1815
6/10/2021,4.1795
5/10/2021,4.18
4/10/2021,4.172
1/10/2021,4.1845
30/09/2021,4.188
29/09/2021,4.185
28/09/2021,4.183
27/09/2021,4.185
24/09/2021,4.181
23/09/2021,4.1865
22/09/2021,4.1885
21/09/2021,4.1895
20/09/2021,4.189
17/09/2021,4.17
15/09/2021,4.1595
14/09/2021,4.149
13/09/2021,4.143
10/9/2021,4.1415
9/9/2021,4.148
8/9/2021,4.1568
7/9/2021,4.1465
6/9/2021,4.145
3/9/2021,4.153
2/9/2021,4.1575
1/9/2021,4.145
30/08/2021,4.169
27/08/2021,4.194
26/08/2021,4.1915
25/08/2021,4.215
24/08/2021,4.218
23/08/2021,4.2295
20/08/2021,4.238
19/08/2021,4.24
18/08/2021,4.232
17/08/2021,4.2385
16/08/2021,4.2415
13/08/2021,4.2355
12/8/2021,4.2355
11/8/2021,4.2385
9/8/2021,4.224
6/8/2021,4.219
5/8/2021,4.221
4/8/2021,4.227
3/8/2021,4.2253
2/8/2021,4.2255
30/07/2021,4.2305
29/07/2021,4.2225
28/07/2021,4.2313
27/07/2021,4.229
26/07/2021,4.2253
23/07/2021,4.2235
22/07/2021,4.2265
21/07/2021,4.2425
19/07/2021,4.218
16/07/2021,4.2005
15/07/2021,4.1955
14/07/2021,4.1995
13/07/2021,4.1895
12/7/2021,4.19
9/7/2021,4.1865
8/7/2021,4.1715
7/7/2021,4.1595
6/7/2021,4.1535
5/7/2021,4.155
2/7/2021,4.1635
1/7/2021,4.1545
30/06/2021,4.1543
29/06/2021,4.1475
28/06/2021,4.151
25/06/2021,4.158
24/06/2021,4.166
23/06/2021,4.1645
22/06/2021,4.148
21/06/2021,4.15
18/06/2021,4.142
17/06/2021,4.1325
16/06/2021,4.1195
15/06/2021,4.116
14/06/2021,4.116
11/6/2021,4.114
10/6/2021,4.1163
9/6/2021,4.1175
8/6/2021,4.121
4/6/2021,4.1275
3/6/2021,4.1225
2/6/2021,4.126
1/6/2021,4.1205
31/05/2021,4.138
28/05/2021,4.137
27/05/2021,4.1435
25/05/2021,4.1425
24/05/2021,4.1405
21/05/2021,4.143
20/05/2021,4.139
19/05/2021,4.127
18/05/2021,4.1263
17/05/2021,4.134
12/5/2021,4.131
11/5/2021,4.1158
10/5/2021,4.1055
7/5/2021,4.1165
6/5/2021,4.1245
5/5/2021,4.117
4/5/2021,4.1125
3/5/2021,4.102
30/04/2021,4.1045
28/04/2021,4.1025
27/04/2021,4.0985
26/04/2021,4.1035
23/04/2021,4.1115
22/04/2021,4.11
21/04/2021,4.116
20/04/2021,4.116
19/04/2021,4.1295
16/04/2021,4.127
15/04/2021,4.128
14/04/2021,4.1295
13/04/2021,4.134
12/4/2021,4.137
9/4/2021,4.1355
8/4/2021,4.1385
7/4/2021,4.128
6/4/2021,4.1325
5/4/2021,4.141
2/4/2021,4.1375
1/4/2021,4.1465
31/03/2021,4.159
30/03/2021,4.1465
29/03/2021,4.1455
26/03/2021,4.1465
25/03/2021,4.1395
24/03/2021,4.1275
23/03/2021,4.116
22/03/2021,4.1095
19/03/2021,4.1165
18/03/2021,4.1075
17/03/2021,4.1185
16/03/2021,4.114
15/03/2021,4.117
12/3/2021,4.117
11/3/2021,4.1125
10/3/2021,4.1285
9/3/2021,4.126
8/3/2021,4.09
5/3/2021,4.0675
4/3/2021,4.0555
3/3/2021,4.0495
2/3/2021,4.054
1/3/2021,4.0535
26/02/2021,4.0495
25/02/2021,4.04
24/02/2021,4.039
23/02/2021,4.042
22/02/2021,4.0405
19/02/2021,4.0435
18/02/2021,4.038
17/02/2021,4.0385
16/02/2021,4.0305
15/02/2021,4.036
11/2/2021,4.0445
10/2/2021,4.04
9/2/2021,4.0575
8/2/2021,4.0615
5/2/2021,4.0745
4/2/2021,4.0525
3/2/2021,4.0475
2/2/2021,4.0425
29/01/2021,4.054
27/01/2021,4.044
26/01/2021,4.0445
25/01/2021,4.046
22/01/2021,4.0375
21/01/2021,4.031
20/01/2021,4.048
19/01/2021,4.0505
18/01/2021,4.047
15/01/2021,4.0345
14/01/2021,4.043
13/01/2021,4.0455
12/1/2021,4.06
11/1/2021,4.042
8/1/2021,4.0425
7/1/2021,4.013
6/1/2021,4.0145
5/1/2021,4.0065
4/1/2021,3.9965
31/12/2020,4.013
30/12/2020,4.04
29/12/2020,4.051
28/12/2020,4.0535
24/12/2020,4.0595
23/12/2020,4.0615
22/12/2020,4.055
21/12/2020,4.0465
18/12/2020,4.0375
17/12/2020,4.0415
16/12/2020,4.051
15/12/2020,4.065
14/12/2020,4.0495
11/12/2020,4.0545
10/12/2020,4.0625
9/12/2020,4.0685
8/12/2020,4.069
7/12/2020,4.071
4/12/2020,4.064
3/12/2020,4.0725
2/12/2020,4.0715
1/12/2020,4.078
30/11/2020,4.069
27/11/2020,4.0725
26/11/2020,4.083
25/11/2020,4.087
24/11/2020,4.0945
23/11/2020,4.0895
20/11/2020,4.0905
19/11/2020,4.095
18/11/2020,4.098
17/11/2020,4.1058
16/11/2020,4.1145
13/11/2020,4.1315
12/11/2020,4.134
11/11/2020,4.123
10/11/2020,4.1155
9/11/2020,4.1145
6/11/2020,4.143
5/11/2020,4.1525
4/11/2020,4.1635
3/11/2020,4.1585
2/11/2020,4.155
30/10/2020,4.157
28/10/2020,4.1645
27/10/2020,4.165
26/10/2020,4.1645
23/10/2020,4.1465
22/10/2020,4.1495
21/10/2020,4.145
20/10/2020,4.1455
19/10/2020,4.147
16/10/2020,4.1545
15/10/2020,4.148
14/10/2020,4.146
13/10/2020,4.155
12/10/2020,4.1385
9/10/2020,4.1475
8/10/2020,4.1555
7/10/2020,4.1595
6/10/2020,4.15
5/10/2020,4.1595
2/10/2020,4.1605
1/10/2020,4.148
30/09/2020,4.1585
29/09/2020,4.1645
28/09/2020,4.167
25/09/2020,4.1685
24/09/2020,4.1635
23/09/2020,4.141
22/09/2020,4.1365
21/09/2020,4.1105
18/09/2020,4.1275
17/09/2020,4.147
15/09/2020,4.134
14/09/2020,4.1485
11/9/2020,4.1565
10/9/2020,4.1655
9/9/2020,4.1735
8/9/2020,4.1665
7/9/2020,4.1485
4/9/2020,4.1475
3/9/2020,4.1425
2/9/2020,4.1495
1/9/2020,4.1475
28/08/2020,4.1745
27/08/2020,4.1715
26/08/2020,4.17
25/08/2020,4.1715
24/08/2020,4.1805
21/08/2020,4.177
19/08/2020,4.1825
18/08/2020,4.188
17/08/2020,4.1875
14/08/2020,4.2025
13/08/2020,4.1895
12/8/2020,4.1985
11/8/2020,4.1985
10/8/2020,4.194
7/8/2020,4.1975
6/8/2020,4.1875
5/8/2020,4.2005
4/8/2020,4.2175
3/8/2020,4.2335
30/07/2020,4.2425
29/07/2020,4.249
28/07/2020,4.2475
27/07/2020,4.2515
24/07/2020,4.2645
23/07/2020,4.2525
22/07/2020,4.2535
21/07/2020,4.2625
20/07/2020,4.2648
17/07/2020,4.2695
16/07/2020,4.2675
15/07/2020,4.2655
14/07/2020,4.2705
13/07/2020,4.2605
10/7/2020,4.268
9/7/2020,4.265
8/7/2020,4.2785
7/7/2020,4.274
6/7/2020,4.284
3/7/2020,4.287
2/7/2020,4.286
1/7/2020,4.2815
30/06/2020,4.28
29/06/2020,4.285
26/06/2020,4.278
25/06/2020,4.279
24/06/2020,4.2765
23/06/2020,4.276
22/06/2020,4.274
19/06/2020,4.279
18/06/2020,4.2755
17/06/2020,4.279
16/06/2020,4.263
15/06/2020,4.2725
12/6/2020,4.266
11/6/2020,4.254
10/6/2020,4.2675
9/6/2020,4.2615
5/6/2020,4.267
4/6/2020,4.2745
3/6/2020,4.262
2/6/2020,4.2915
1/6/2020,4.323
29/05/2020,4.3485
28/05/2020,4.36
27/05/2020,4.358
22/05/2020,4.362
21/05/2020,4.3525
20/05/2020,4.356
19/05/2020,4.3495
18/05/2020,4.355
15/05/2020,4.3455
14/05/2020,4.335
13/05/2020,4.337
12/5/2020,4.345
8/5/2020,4.3055
6/5/2020,4.311
5/5/2020,4.31
4/5/2020,4.3385
30/04/2020,4.326
29/04/2020,4.36
28/04/2020,4.3705
27/04/2020,4.354
24/04/2020,4.365
23/04/2020,4.365
22/04/2020,4.395
21/04/2020,4.3923
20/04/2020,4.388
17/04/2020,4.365
16/04/2020,4.374
15/04/2020,4.33
14/04/2020,4.323
13/04/2020,4.3225
10/4/2020,4.308
9/4/2020,4.341
8/4/2020,4.3398
7/4/2020,4.35
6/4/2020,4.375
3/4/2020,4.36
2/4/2020,4.386
1/4/2020,4.3275
31/03/2020,4.3025
30/03/2020,4.3575
27/03/2020,4.263
26/03/2020,4.3625
25/03/2020,4.394
24/03/2020,4.435
23/03/2020,4.445
20/03/2020,4.4045
19/03/2020,4.4065
18/03/2020,4.358
17/03/2020,4.33
16/03/2020,4.301
13/03/2020,4.295
12/3/2020,4.253
11/3/2020,4.2355
10/3/2020,4.226
9/3/2020,4.2085
6/3/2020,4.1875
5/3/2020,4.1655
4/3/2020,4.183
3/3/2020,4.205
2/3/2020,4.2015
28/02/2020,4.226
27/02/2020,4.2225
26/02/2020,4.2395
25/02/2020,4.225
24/02/2020,4.2215
21/02/2020,4.1915
20/02/2020,4.1845
19/02/2020,4.1595
18/02/2020,4.1495
17/02/2020,4.138
14/02/2020,4.141
13/02/2020,4.139
12/2/2020,4.134
11/2/2020,4.1405
10/2/2020,4.1455
7/2/2020,4.135
6/2/2020,4.1215
5/2/2020,4.121
4/2/2020,4.117
3/2/2020,4.1155
31/01/2020,4.0885
30/01/2020,4.0885
29/01/2020,4.0785
28/01/2020,4.0835
24/01/2020,4.0645
23/01/2020,4.0655
22/01/2020,4.0735
21/01/2020,4.069
20/01/2020,4.0575
17/01/2020,4.0625
16/01/2020,4.0685
15/01/2020,4.079
14/01/2020,4.0615
13/01/2020,4.0645
10/1/2020,4.083
9/1/2020,4.0913
8/1/2020,4.104
7/1/2020,4.0955
6/1/2020,4.108
3/1/2020,4.0995
2/1/2020,4.0865
31/12/2019,4.0925
30/12/2019,4.1135
27/12/2019,4.1315
26/12/2019,4.1355
24/12/2019,4.1425
23/12/2019,4.1445
20/12/2019,4.1405
19/12/2019,4.1405
18/12/2019,4.1435
17/12/2019,4.1415
16/12/2019,4.14
13/12/2019,4.1415
12/12/2019,4.1545
11/12/2019,4.163
10/12/2019,4.161
9/12/2019,4.1635
6/12/2019,4.1625
5/12/2019,4.173
4/12/2019,4.1815
3/12/2019,4.173
2/12/2019,4.1795
29/11/2019,4.1713
28/11/2019,4.174
27/11/2019,4.1825
26/11/2019,4.1805
25/11/2019,4.1765
22/11/2019,4.168
21/11/2019,4.1735
20/11/2019,4.159
19/11/2019,4.161
18/11/2019,4.154
15/11/2019,4.1495
14/11/2019,4.1585
13/11/2019,4.153
12/11/2019,4.144
11/11/2019,4.1415
8/11/2019,4.1335
7/11/2019,4.146
6/11/2019,4.136
5/11/2019,4.1515
4/11/2019,4.1525
1/11/2019,4.172
31/10/2019,4.1775
30/10/2019,4.1845
29/10/2019,4.1815
25/10/2019,4.188
24/10/2019,4.184
23/10/2019,4.194
22/10/2019,4.1845
21/10/2019,4.185
18/10/2019,4.188
17/10/2019,4.1885
16/10/2019,4.1935
15/10/2019,4.189
14/10/2019,4.1795
11/10/2019,4.1855
10/10/2019,4.193
9/10/2019,4.1978
8/10/2019,4.191
7/10/2019,4.193
4/10/2019,4.184
3/10/2019,4.189
2/10/2019,4.19
1/10/2019,4.192
30/09/2019,4.187
27/09/2019,4.1945
26/09/2019,4.1935
25/09/2019,4.185
24/09/2019,4.1775
23/09/2019,4.1625
20/09/2019,4.1795
19/09/2019,4.198
18/09/2019,4.185
17/09/2019,4.1795
13/09/2019,4.1645
12/9/2019,4.173
11/9/2019,4.1805
10/9/2019,4.171
6/9/2019,4.177
5/9/2019,4.193
4/9/2019,4.2125
3/9/2019,4.225
30/08/2019,4.222
29/08/2019,4.225
28/08/2019,4.2105
27/08/2019,4.2075
26/08/2019,4.205
23/08/2019,4.19
22/08/2019,4.1805
21/08/2019,4.1735
20/08/2019,4.1815
19/08/2019,4.168
16/08/2019,4.183
15/08/2019,4.1935
14/08/2019,4.1865
13/08/2019,4.193
9/8/2019,4.1875
8/8/2019,4.1825
7/8/2019,4.196
6/8/2019,4.1905
5/8/2019,4.1755
2/8/2019,4.154
1/8/2019,4.1445
31/07/2019,4.1275
29/07/2019,4.12
26/07/2019,4.12
25/07/2019,4.1185
24/07/2019,4.121
23/07/2019,4.1185
22/07/2019,4.1145
19/07/2019,4.1095
18/07/2019,4.1125
17/07/2019,4.1155
16/07/2019,4.1085
15/07/2019,4.1065
12/7/2019,4.112
11/7/2019,4.1225
10/7/2019,4.1405
9/7/2019,4.1425
8/7/2019,4.1435
5/7/2019,4.1355
4/7/2019,4.1325
3/7/2019,4.1405
2/7/2019,4.142
1/7/2019,4.1335
28/06/2019,4.142
27/06/2019,4.149
26/06/2019,4.1525
25/06/2019,4.1435
24/06/2019,4.1445
21/06/2019,4.15
20/06/2019,4.1565
19/06/2019,4.1765
18/06/2019,4.1815
17/06/2019,4.1755
14/06/2019,4.1685
13/06/2019,4.1625
12/6/2019,4.164
11/6/2019,4.1645
10/6/2019,4.1635
7/6/2019,4.1585
4/6/2019,4.177
3/6/2019,4.1805
31/05/2019,4.197
30/05/2019,4.1965
29/05/2019,4.1955
28/05/2019,4.1925
27/05/2019,4.1865
24/05/2019,4.1925
23/05/2019,4.193
21/05/2019,4.1845
17/05/2019,4.1735
16/05/2019,4.171
15/05/2019,4.1735
14/05/2019,4.1705
13/05/2019,4.1625
10/5/2019,4.1555
9/5/2019,4.152
8/5/2019,4.1465
7/5/2019,4.1475
6/5/2019,4.1485
3/5/2019,4.1415
2/5/2019,4.1365
30/04/2019,4.1355
29/04/2019,4.1325
26/04/2019,4.133
25/04/2019,4.1355
24/04/2019,4.1325
23/04/2019,4.1265
22/04/2019,4.1365
19/04/2019,4.1325
18/04/2019,4.145
17/04/2019,4.1435
16/04/2019,4.1155
15/04/2019,4.113
12/4/2019,4.12
11/4/2019,4.1175
10/4/2019,4.0975
9/4/2019,4.097
8/4/2019,4.094
5/4/2019,4.082
4/4/2019,4.0795
3/4/2019,4.0805
2/4/2019,4.0835
1/4/2019,4.076
29/03/2019,4.081
28/03/2019,4.077
27/03/2019,4.0775
26/03/2019,4.0675
25/03/2019,4.072
22/03/2019,4.0605
21/03/2019,4.0605
20/03/2019,4.077
19/03/2019,4.0745
18/03/2019,4.0825
15/03/2019,4.0905
14/03/2019,4.0895
13/03/2019,4.09
12/3/2019,4.0815
11/3/2019,4.0875
8/3/2019,4.0925
7/3/2019,4.087
6/3/2019,4.0895
5/3/2019,4.077
4/3/2019,4.072
1/3/2019,4.073
28/02/2019,4.0705
27/02/2019,4.0655
26/02/2019,4.072
25/02/2019,4.0705
22/02/2019,4.0825
21/02/2019,4.0695
20/02/2019,4.0695
19/02/2019,4.088
18/02/2019,4.0785
15/02/2019,4.0805
14/02/2019,4.063
13/02/2019,4.065
12/2/2019,4.077
11/2/2019,4.0725
8/2/2019,4.0725
7/2/2019,4.0785
4/2/2019,4.0925
31/01/2019,4.089
30/01/2019,4.109
29/01/2019,4.1135
28/01/2019,4.11
25/01/2019,4.136
24/01/2019,4.136
23/01/2019,4.1335
22/01/2019,4.128
18/01/2019,4.116
17/01/2019,4.109
16/01/2019,4.1125
15/01/2019,4.0975
14/01/2019,4.0975
11/1/2019,4.096
10/1/2019,4.0955
9/1/2019,4.114
8/1/2019,4.113
7/1/2019,4.1105
4/1/2019,4.1395
3/1/2019,4.1425
2/1/2019,4.139
31/12/2018,4.1385
28/12/2018,4.156
27/12/2018,4.1765
26/12/2018,4.1795
24/12/2018,4.1825
21/12/2018,4.1795
20/12/2018,4.184
19/12/2018,4.18
18/12/2018,4.1775
17/12/2018,4.187
14/12/2018,4.1815
13/12/2018,4.1825
12/12/2018,4.1825
11/12/2018,4.1805
10/12/2018,4.1705
7/12/2018,4.162
6/12/2018,4.1655
5/12/2018,4.1565
4/12/2018,4.1575
3/12/2018,4.178
30/11/2018,4.188
29/11/2018,4.19
28/11/2018,4.195
27/11/2018,4.1935
26/11/2018,4.1925
23/11/2018,4.196
22/11/2018,4.1925
21/11/2018,4.1995
19/11/2018,4.191
16/11/2018,4.192
15/11/2018,4.189
14/11/2018,4.1925
13/11/2018,4.195
12/11/2018,4.1845
9/11/2018,4.1785
8/11/2018,4.167
7/11/2018,4.1715
5/11/2018,4.1695
2/11/2018,4.1725
1/11/2018,4.1845
31/10/2018,4.1825
30/10/2018,4.18
29/10/2018,4.179
26/10/2018,4.1775
25/10/2018,4.1695
24/10/2018,4.1625
23/10/2018,4.1625
22/10/2018,4.158
19/10/2018,4.16
18/10/2018,4.156
17/10/2018,4.154
16/10/2018,4.1555
15/10/2018,4.158
12/10/2018,4.156
11/10/2018,4.159
10/10/2018,4.153
9/10/2018,4.1575
8/10/2018,4.152
5/10/2018,4.1455
4/10/2018,4.147
3/10/2018,4.139
2/10/2018,4.138
1/10/2018,4.1415
28/09/2018,4.1405
27/09/2018,4.1375
26/09/2018,4.1415
25/09/2018,4.1345
24/09/2018,4.1345
21/09/2018,4.131
20/09/2018,4.1375
19/09/2018,4.144
18/09/2018,4.146
14/09/2018,4.1415
13/09/2018,4.1425
12/9/2018,4.1495
7/9/2018,4.1435
6/9/2018,4.1465
5/9/2018,4.1435
4/9/2018,4.1355
3/9/2018,4.124
30/08/2018,4.1075
29/08/2018,4.103
28/08/2018,4.097
27/08/2018,4.0995
24/08/2018,4.1095
23/08/2018,4.105
21/08/2018,4.094
20/08/2018,4.103
17/08/2018,4.104
16/08/2018,4.1005
15/08/2018,4.103
14/08/2018,4.0965
13/08/2018,4.0925
10/8/2018,4.0795
9/8/2018,4.072
8/8/2018,4.076
7/8/2018,4.0845
6/8/2018,4.0775
3/8/2018,4.0825
2/8/2018,4.0725
1/8/2018,4.0655
31/07/2018,4.0605
30/07/2018,4.065
27/07/2018,4.0625
26/07/2018,4.055
25/07/2018,4.0635
24/07/2018,4.0675
23/07/2018,4.058
20/07/2018,4.0655
19/07/2018,4.0575
18/07/2018,4.0575
17/07/2018,4.045
16/07/2018,4.0485
13/07/2018,4.04
12/7/2018,4.0405
11/7/2018,4.03
10/7/2018,4.0085
9/7/2018,4.032
6/7/2018,4.0465
5/7/2018,4.0455
4/7/2018,4.0465
3/7/2018,4.049
2/7/2018,4.04
29/06/2018,4.0385
28/06/2018,4.0385
27/06/2018,4.0275
26/06/2018,4.02
25/06/2018,4.0135
22/06/2018,4.0135
21/06/2018,4.012
20/06/2018,4.0075
19/06/2018,3.998
18/06/2018,3.9985
14/06/2018,3.9915
13/06/2018,3.9955
12/6/2018,3.9895
11/6/2018,3.9875
8/6/2018,3.983
7/6/2018,3.9745
6/6/2018,3.972
5/6/2018,3.9735
4/6/2018,3.979
1/6/2018,3.9835
31/05/2018,3.9765
30/05/2018,3.995
28/05/2018,3.982
25/05/2018,3.9845
24/05/2018,3.987
23/05/2018,3.9755
22/05/2018,3.9765
21/05/2018,3.976
18/05/2018,3.977
17/05/2018,3.968
16/05/2018,3.9645
15/05/2018,3.952
14/05/2018,3.955
8/5/2018,3.95
7/5/2018,3.9415
4/5/2018,3.9345
3/5/2018,3.9378
2/5/2018,3.9265
30/04/2018,3.9195
27/04/2018,3.9195
26/04/2018,3.9205
25/04/2018,3.9085
24/04/2018,3.9075
23/04/2018,3.8985
20/04/2018,3.892
19/04/2018,3.8885
18/04/2018,3.8915
17/04/2018,3.889
16/04/2018,3.8865
13/04/2018,3.8795
12/4/2018,3.8765
11/4/2018,3.8705
10/4/2018,3.8645
9/4/2018,3.863
6/4/2018,3.8715
5/4/2018,3.867
4/4/2018,3.865
3/4/2018,3.8675
2/4/2018,3.864
30/03/2018,3.862
29/03/2018,3.868
28/03/2018,3.858
27/03/2018,3.8755
26/03/2018,3.9035
23/03/2018,3.913
22/03/2018,3.9095
21/03/2018,3.9245
20/03/2018,3.9155
19/03/2018,3.914
16/03/2018,3.924
15/03/2018,3.9145
14/03/2018,3.8965
13/03/2018,3.908
12/3/2018,3.9085
9/3/2018,3.9145
8/3/2018,3.9055
7/3/2018,3.903
6/3/2018,3.9045
5/3/2018,3.899
2/3/2018,3.916
1/3/2018,3.9305
28/02/2018,3.9255
27/02/2018,3.9105
26/02/2018,3.913
23/02/2018,3.9055
22/02/2018,3.9185
21/02/2018,3.9085
20/02/2018,3.8945
19/02/2018,3.888
15/02/2018,3.8945
14/02/2018,3.9265
13/02/2018,3.9335
12/2/2018,3.932
9/2/2018,3.9385
8/2/2018,3.9255
7/2/2018,3.9075
6/2/2018,3.9135
5/2/2018,3.8975
2/2/2018,3.8885
30/01/2018,3.8945
29/01/2018,3.8695
26/01/2018,3.875
25/01/2018,3.898
24/01/2018,3.9175
23/01/2018,3.927
22/01/2018,3.9415
19/01/2018,3.9365
18/01/2018,3.9605
17/01/2018,3.951
16/01/2018,3.955
15/01/2018,3.9575
12/1/2018,3.9705
11/1/2018,3.9895
10/1/2018,4.0085
9/1/2018,4.0015
8/1/2018,3.9875
5/1/2018,3.9945
4/1/2018,4.02
3/1/2018,4.0255
2/1/2018,4.0325
29/12/2017,4.062
28/12/2017,4.077
27/12/2017,4.0835
26/12/2017,4.079
22/12/2017,4.0905
21/12/2017,4.077
20/12/2017,4.074
19/12/2017,4.074
18/12/2017,4.087
15/12/2017,4.089
14/12/2017,4.079
13/12/2017,4.0755
12/12/2017,4.08
11/12/2017,4.082
8/12/2017,4.088
7/12/2017,4.0825
6/12/2017,4.067
5/12/2017,4.0525
4/12/2017,4.082
30/11/2017,4.087
29/11/2017,4.107
28/11/2017,4.1175
27/11/2017,4.117
24/11/2017,4.1195
23/11/2017,4.1115
22/11/2017,4.1245
21/11/2017,4.143
20/11/2017,4.158
17/11/2017,4.162
16/11/2017,4.1785
15/11/2017,4.1825
14/11/2017,4.1895
13/11/2017,4.188
10/11/2017,4.1935
9/11/2017,4.2275
8/11/2017,4.2285
7/11/2017,4.2265
6/11/2017,4.24
3/11/2017,4.2325
2/11/2017,4.2275
1/11/2017,4.2335
31/10/2017,4.2305
30/10/2017,4.2385
27/10/2017,4.2415
26/10/2017,4.233
25/10/2017,4.2335
24/10/2017,4.234
23/10/2017,4.2335
20/10/2017,4.224
19/10/2017,4.226
17/10/2017,4.223
16/10/2017,4.2185
13/10/2017,4.218
12/10/2017,4.2175
11/10/2017,4.2155
10/10/2017,4.2235
9/10/2017,4.232
6/10/2017,4.2365
5/10/2017,4.23
4/10/2017,4.2265
3/10/2017,4.24
2/10/2017,4.2305
29/09/2017,4.2275
28/09/2017,4.2315
27/09/2017,4.2185
26/09/2017,4.204
25/09/2017,4.193
21/09/2017,4.201
20/09/2017,4.1935
19/09/2017,4.1905
18/09/2017,4.1855
15/09/2017,4.192
14/09/2017,4.1995
13/09/2017,4.2035
12/9/2017,4.205
11/9/2017,4.1995
8/9/2017,4.1845
7/9/2017,4.2165
6/9/2017,4.2465
5/9/2017,4.2675
30/08/2017,4.2695
29/08/2017,4.2685
28/08/2017,4.2655
25/08/2017,4.2765
24/08/2017,4.2785
23/08/2017,4.283
22/08/2017,4.2835
21/08/2017,4.2885
18/08/2017,4.296
17/08/2017,4.293
16/08/2017,4.2985
15/08/2017,4.294
14/08/2017,4.2915
11/8/2017,4.2955
10/8/2017,4.2945
9/8/2017,4.288
8/8/2017,4.2835
7/8/2017,4.2805
4/8/2017,4.277
3/8/2017,4.2855
2/8/2017,4.287
1/8/2017,4.2775
31/07/2017,4.279
28/07/2017,4.28
27/07/2017,4.2765
26/07/2017,4.2855
25/07/2017,4.282
24/07/2017,4.2835
21/07/2017,4.2905
20/07/2017,4.2895
19/07/2017,4.285
18/07/2017,4.2875
17/07/2017,4.292
14/07/2017,4.2955
13/07/2017,4.2885
12/7/2017,4.2955
11/7/2017,4.2965
10/7/2017,4.2995
7/7/2017,4.2985
6/7/2017,4.2985
5/7/2017,4.297
4/7/2017,4.298
3/7/2017,4.298
30/06/2017,4.294
29/06/2017,4.296
28/06/2017,4.2975
23/06/2017,4.289
22/06/2017,4.286
21/06/2017,4.288
20/06/2017,4.2825
19/06/2017,4.2695
16/06/2017,4.2785
15/06/2017,4.254
14/06/2017,4.2615
13/06/2017,4.2605
9/6/2017,4.267
8/6/2017,4.263
7/6/2017,4.2715
6/6/2017,4.257
5/6/2017,4.2675
2/6/2017,4.2815
1/6/2017,4.289
31/05/2017,4.276
30/05/2017,4.283
29/05/2017,4.2685
26/05/2017,4.2775
25/05/2017,4.2785
24/05/2017,4.302
23/05/2017,4.298
22/05/2017,4.307
19/05/2017,4.329
18/05/2017,4.3275
17/05/2017,4.3175
16/05/2017,4.3135
15/05/2017,4.3365
12/5/2017,4.348
11/5/2017,4.3515
9/5/2017,4.3405
8/5/2017,4.3335
5/5/2017,4.3365
4/5/2017,4.323
3/5/2017,4.3145
2/5/2017,4.3275
28/04/2017,4.3475
27/04/2017,4.346
26/04/2017,4.355
25/04/2017,4.38
21/04/2017,4.395
20/04/2017,4.401
19/04/2017,4.407
18/04/2017,4.4085
17/04/2017,4.404
14/04/2017,4.4025
13/04/2017,4.4235
12/4/2017,4.4325
11/4/2017,4.4345
10/4/2017,4.4395
7/4/2017,4.4375
6/4/2017,4.4365
5/4/2017,4.4295
4/4/2017,4.4315
3/4/2017,4.426
31/03/2017,4.4265
30/03/2017,4.4225
29/03/2017,4.422
28/03/2017,4.4175
27/03/2017,4.4145
24/03/2017,4.43
23/03/2017,4.431
22/03/2017,4.431
21/03/2017,4.429
20/03/2017,4.4325
17/03/2017,4.442
16/03/2017,4.438
15/03/2017,4.451
14/03/2017,4.448
13/03/2017,4.4465
10/3/2017,4.4575
9/3/2017,4.4595
8/3/2017,4.449
7/3/2017,4.452
6/3/2017,4.452
3/3/2017,4.4555
2/3/2017,4.45
1/3/2017,4.4475
28/02/2017,4.445
27/02/2017,4.443
24/02/2017,4.446
23/02/2017,4.45
22/02/2017,4.457
21/02/2017,4.4595
20/02/2017,4.4575
17/02/2017,4.458
16/02/2017,4.457
15/02/2017,4.45
14/02/2017,4.4495
13/02/2017,4.4485
10/2/2017,4.4455
8/2/2017,4.44
7/2/2017,4.436
6/2/2017,4.4225
3/2/2017,4.4255
2/2/2017,4.438
31/01/2017,4.4295
27/01/2017,4.4295
26/01/2017,4.4355
25/01/2017,4.4385
24/01/2017,4.435
23/01/2017,4.44
20/01/2017,4.447
19/01/2017,4.4515
18/01/2017,4.4455
17/01/2017,4.467
16/01/2017,4.466
13/01/2017,4.4635
12/1/2017,4.4625
11/1/2017,4.475
10/1/2017,4.4745
9/1/2017,4.4785
6/1/2017,4.4725
5/1/2017,4.4875
4/1/2017,4.4995
3/1/2017,4.4925
30/12/2016,4.486
29/12/2016,4.4845
28/12/2016,4.4815
27/12/2016,4.4785
23/12/2016,4.4795
22/12/2016,4.4745
21/12/2016,4.4795
20/12/2016,4.4795
19/12/2016,4.4795
16/12/2016,4.4755
15/12/2016,4.4645
14/12/2016,4.4425
13/12/2016,4.4245
9/12/2016,4.4245
8/12/2016,4.429
7/12/2016,4.436
6/12/2016,4.444
5/12/2016,4.4495
2/12/2016,4.448
1/12/2016,4.468
30/11/2016,4.466
29/11/2016,4.463
28/11/2016,4.461
25/11/2016,4.465
24/11/2016,4.4635
23/11/2016,4.4445
22/11/2016,4.426
21/11/2016,4.4315
18/11/2016,4.412
17/11/2016,4.3885
16/11/2016,4.3485
15/11/2016,4.3355
14/11/2016,4.33
11/11/2016,4.2775
10/11/2016,4.2515
9/11/2016,4.22
8/11/2016,4.206
7/11/2016,4.2095
4/11/2016,4.1965
3/11/2016,4.187
2/11/2016,4.196
1/11/2016,4.1885
31/10/2016,4.204
28/10/2016,4.197
27/10/2016,4.1825
26/10/2016,4.1605
25/10/2016,4.175
24/10/2016,4.1823
21/10/2016,4.1925
20/10/2016,4.1785
19/10/2016,4.19
18/10/2016,4.2105
17/10/2016,4.2195
14/10/2016,4.2125
13/10/2016,4.208
12/10/2016,4.183
11/10/2016,4.155
10/10/2016,4.1475
7/10/2016,4.1535
6/10/2016,4.1335
5/10/2016,4.1415
4/10/2016,4.125
30/09/2016,4.1455
29/09/2016,4.114
28/09/2016,4.1405
27/09/2016,4.1185
26/09/2016,4.133
23/09/2016,4.1205
22/09/2016,4.115
21/09/2016,4.1505
20/09/2016,4.144
19/09/2016,4.1315
15/09/2016,4.1285
14/09/2016,4.1305
13/09/2016,4.104
9/9/2016,4.0625
8/9/2016,4.059
7/9/2016,4.061
6/9/2016,4.0795
5/9/2016,4.0745
2/9/2016,4.0845
1/9/2016,4.0765
30/08/2016,4.0495
29/08/2016,4.037
26/08/2016,4.0205
25/08/2016,4.0325
24/08/2016,4.036
23/08/2016,4.0295
22/08/2016,4.034
19/08/2016,4.011
18/08/2016,3.9945
17/08/2016,4
16/08/2016,3.9955
15/08/2016,4.0215
12/8/2016,4.0105
11/8/2016,4.0195
10/8/2016,3.9965
9/8/2016,4.0325
8/8/2016,4.043
5/8/2016,4.038
4/8/2016,4.0475
3/8/2016,4.0585
2/8/2016,4.052
1/8/2016,4.0325
29/07/2016,4.0535
28/07/2016,4.054
27/07/2016,4.0765
26/07/2016,4.076
25/07/2016,4.0815
22/07/2016,4.071
21/07/2016,4.0505
20/07/2016,4.02
19/07/2016,3.9865
18/07/2016,3.9785
15/07/2016,3.9585
14/07/2016,3.9595
13/07/2016,3.9865
12/7/2016,4.0015
11/7/2016,3.9855
8/7/2016,4.0425
5/7/2016,4.0005
4/7/2016,3.995
1/7/2016,3.993
30/06/2016,4.0225
29/06/2016,4.0575
28/06/2016,4.0915
27/06/2016,4.109
24/06/2016,4.115
23/06/2016,4.02
21/06/2016,4.0555
20/06/2016,4.077
17/06/2016,4.0985
16/06/2016,4.096
15/06/2016,4.101
14/06/2016,4.0925
13/06/2016,4.0945
10/6/2016,4.0705
9/6/2016,4.0355
8/6/2016,4.0625
7/6/2016,4.077
6/6/2016,4.1055
3/6/2016,4.15
2/6/2016,4.1625
1/6/2016,4.1345
31/05/2016,4.1195
30/05/2016,4.1095
27/05/2016,4.0855
26/05/2016,4.0825
25/05/2016,4.106
24/05/2016,4.1185
23/05/2016,4.068
20/05/2016,4.0795
19/05/2016,4.08
18/05/2016,4.035
17/05/2016,4.014
16/05/2016,4.0355
13/05/2016,4.0275
12/5/2016,4.0265
11/5/2016,4.0545
10/5/2016,4.059
9/5/2016,4.0005
6/5/2016,4.0095
5/5/2016,4.003
4/5/2016,3.9765
3/5/2016,3.9225
29/04/2016,3.9045
28/04/2016,3.917
27/04/2016,3.9315
26/04/2016,3.937
25/04/2016,3.9135
22/04/2016,3.9035
21/04/2016,3.881
20/04/2016,3.874
19/04/2016,3.8955
18/04/2016,3.934
15/04/2016,3.9055
14/04/2016,3.9035
13/04/2016,3.865
12/4/2016,3.892
11/4/2016,3.8807
8/4/2016,3.935
7/4/2016,3.905
6/4/2016,3.914
5/4/2016,3.9205
4/4/2016,3.88
1/4/2016,3.901
31/03/2016,3.922
30/03/2016,3.959
29/03/2016,4.0025
28/03/2016,4.0375
25/03/2016,4.047
24/03/2016,4.027
23/03/2016,3.982
22/03/2016,4.0435
21/03/2016,4.071
18/03/2016,4.0575
17/03/2016,4.083
16/03/2016,4.1355
15/03/2016,4.1175
14/03/2016,4.092
11/3/2016,4.105
10/3/2016,4.1195
9/3/2016,4.1355
8/3/2016,4.1045
7/3/2016,4.097
4/3/2016,4.129
3/3/2016,4.143
2/3/2016,4.162
1/3/2016,4.194
29/02/2016,4.2195
26/02/2016,4.221
25/02/2016,4.212
24/02/2016,4.241
23/02/2016,4.186
22/02/2016,4.2095
19/02/2016,4.225
18/02/2016,4.167
17/02/2016,4.2065
16/02/2016,4.1475
15/02/2016,4.146
12/2/2016,4.165
11/2/2016,4.1085
10/2/2016,4.161
5/2/2016,4.1395
4/2/2016,4.1485
3/2/2016,4.2375
2/2/2016,4.2045
29/01/2016,4.1475
28/01/2016,4.235
27/01/2016,4.2615
26/01/2016,4.2915
22/01/2016,4.337
21/01/2016,4.376
20/01/2016,4.3795
19/01/2016,4.389
18/01/2016,4.4085
15/01/2016,4.3775
14/01/2016,4.393
13/01/2016,4.3945
12/1/2016,4.404
11/1/2016,4.3985
8/1/2016,4.3705
7/1/2016,4.414
6/1/2016,4.3695
5/1/2016,4.3425
4/1/2016,4.3235
31/12/2015,4.292
30/12/2015,4.29
29/12/2015,4.2925
28/12/2015,4.304
23/12/2015,4.3085
22/12/2015,4.2985
21/12/2015,4.307
18/12/2015,4.3185
17/12/2015,4.3325
16/12/2015,4.309
15/12/2015,4.328
14/12/2015,4.3185
11/12/2015,4.2785
10/12/2015,4.2585
9/12/2015,4.2655
8/12/2015,4.2645
7/12/2015,4.2065
4/12/2015,4.2155
3/12/2015,4.251
2/12/2015,4.2255
1/12/2015,4.238
30/11/2015,4.2615
27/11/2015,4.2365
26/11/2015,4.2115
25/11/2015,4.194
24/11/2015,4.265
23/11/2015,4.297
20/11/2015,4.2825
19/11/2015,4.344
18/11/2015,4.396
17/11/2015,4.3825
16/11/2015,4.3925
13/11/2015,4.3775
12/11/2015,4.368
11/11/2015,4.3655
9/11/2015,4.3615
6/11/2015,4.301
5/11/2015,4.298
4/11/2015,4.2625
3/11/2015,4.283
2/11/2015,4.2925
30/10/2015,4.304
29/10/2015,4.2875
28/10/2015,4.278
27/10/2015,4.2625
26/10/2015,4.2595
23/10/2015,4.2251
22/10/2015,4.2945
21/10/2015,4.295
20/10/2015,4.245
19/10/2015,4.207
16/10/2015,4.175
15/10/2015,4.1175
13/10/2015,4.195
12/10/2015,4.1735
9/10/2015,4.1305
8/10/2015,4.2255
7/10/2015,4.332
6/10/2015,4.369
5/10/2015,4.401
2/10/2015,4.4425
1/10/2015,4.4095
30/09/2015,4.4455
29/09/2015,4.4725
28/09/2015,4.4025
25/09/2015,4.391
23/09/2015,4.3465
22/09/2015,4.2925
21/09/2015,4.2455
18/09/2015,4.2495
17/09/2015,4.2585
15/09/2015,4.306
14/09/2015,4.3165
11/9/2015,4.3195
10/9/2015,4.3455
9/9/2015,4.331
8/9/2015,4.3425
7/9/2015,4.3045
4/9/2015,4.2605
3/9/2015,4.2285
2/9/2015,4.219
1/9/2015,4.156
28/08/2015,4.214
27/08/2015,4.249
26/08/2015,4.2435
25/08/2015,4.2395
24/08/2015,4.23
21/08/2015,4.1855
20/08/2015,4.114
19/08/2015,4.11
18/08/2015,4.123
17/08/2015,4.1165
14/08/2015,4.076
13/08/2015,4.002
12/8/2015,4.018
11/8/2015,3.9535
10/8/2015,3.9265
7/8/2015,3.923
6/8/2015,3.8905
5/8/2015,3.8775
4/8/2015,3.8675
3/8/2015,3.842
31/07/2015,3.8175
30/07/2015,3.814
29/07/2015,3.814
28/07/2015,3.814
27/07/2015,3.8145
24/07/2015,3.807
23/07/2015,3.807
22/07/2015,3.7925
21/07/2015,3.807
20/07/2015,3.807
16/07/2015,3.8075
15/07/2015,3.8048
14/07/2015,3.8065
13/07/2015,3.8005
10/7/2015,3.7885
9/7/2015,3.8045
8/7/2015,3.807
7/7/2015,3.806
6/7/2015,3.807
3/7/2015,3.784
2/7/2015,3.7735
1/7/2015,3.739
30/06/2015,3.7855
29/06/2015,3.783
26/06/2015,3.763
25/06/2015,3.7585
24/06/2015,3.7525
23/06/2015,3.754
22/06/2015,3.7325
19/06/2015,3.7185
18/06/2015,3.7235
17/06/2015,3.7508
16/06/2015,3.7525
15/06/2015,3.7635
12/6/2015,3.7385
11/6/2015,3.7355
10/6/2015,3.7575
9/6/2015,3.7635
8/6/2015,3.7635
5/6/2015,3.7105
4/6/2015,3.7015
3/6/2015,3.679
2/6/2015,3.7001
1/6/2015,3.6725
29/05/2015,3.6515
28/05/2015,3.65
27/05/2015,3.6385
26/05/2015,3.618
25/05/2015,3.6055
22/05/2015,3.5875
21/05/2015,3.606
20/05/2015,3.609
19/05/2015,3.585
18/05/2015,3.572
15/05/2015,3.5665
14/05/2015,3.5725
13/05/2015,3.6045
12/5/2015,3.625
11/5/2015,3.6015
8/5/2015,3.6075
7/5/2015,3.5945
6/5/2015,3.568
5/5/2015,3.606
30/04/2015,3.5705
29/04/2015,3.559
28/04/2015,3.5575
27/04/2015,3.5645
24/04/2015,3.5995
23/04/2015,3.6205
22/04/2015,3.619
21/04/2015,3.6435
20/04/2015,3.6235
17/04/2015,3.637
16/04/2015,3.6575
15/04/2015,3.7225
14/04/2015,3.704
13/04/2015,3.6975
10/4/2015,3.6445
9/4/2015,3.6295
8/4/2015,3.644
7/4/2015,3.635
6/4/2015,3.6225
3/4/2015,3.6635
2/4/2015,3.6835
1/4/2015,3.6855
31/03/2015,3.7165
30/03/2015,3.7085
27/03/2015,3.6675
26/03/2015,3.679
25/03/2015,3.6575
24/03/2015,3.6745
23/03/2015,3.6883
20/03/2015,3.7225
19/03/2015,3.68
18/03/2015,3.7
17/03/2015,3.6995
16/03/2015,3.7075
13/03/2015,3.6965
12/3/2015,3.696
11/3/2015,3.714
10/3/2015,3.6965
9/3/2015,3.688
6/3/2015,3.6475
5/3/2015,3.6565
4/3/2015,3.6285
3/3/2015,3.6275
2/3/2015,3.627
27/02/2015,3.6113
26/02/2015,3.598
25/02/2015,3.6245
24/02/2015,3.627
23/02/2015,3.641
18/02/2015,3.594
17/02/2015,3.5925
16/02/2015,3.569
13/02/2015,3.5815
12/2/2015,3.6215
11/2/2015,3.597
10/2/2015,3.5815
9/2/2015,3.56
6/2/2015,3.5525
5/2/2015,3.573
4/2/2015,3.558
30/01/2015,3.6235
29/01/2015,3.634
28/01/2015,3.624
27/01/2015,3.61
26/01/2015,3.607
23/01/2015,3.595
22/01/2015,3.6115
21/01/2015,3.6225
20/01/2015,3.5985
19/01/2015,3.5665
16/01/2015,3.57
15/01/2015,3.5715
14/01/2015,3.594
13/01/2015,3.5755
12/1/2015,3.5505
9/1/2015,3.555
8/1/2015,3.568
7/1/2015,3.572
6/1/2015,3.555
5/1/2015,3.5398
2/1/2015,3.51
